id,name,clicks
01001,"Autauga County, AL",39
01003,"Baldwin County, AL",41
01005,"Barbour County, AL",58
01007,"Bibb County, AL",44
01009,"Blount County, AL",40
01011,"Bullock County, AL",49
01013,"Butler County, AL",55
01015,"Calhoun County, AL",50
01017,"Chambers County, AL",41
01019,"Cherokee County, AL",41
01021,"Chilton County, AL",41
01023,"Choctaw County, AL",63
01025,"Clarke County, AL",85
01027,"Clay County, AL",43
01029,"Cleburne County, AL",45
01031,"Coffee County, AL",44
01033,"Colbert County, AL",52
01035,"Conecuh County, AL",61
01037,"Coosa County, AL",47
01039,"Covington County, AL",52
01041,"Crenshaw County, AL",45
01043,"Cullman County, AL",38
01045,"Dale County, AL",45
01047,"Dallas County, AL",75
01049,"DeKalb County, AL",45
01051,"Elmore County, AL",37
01053,"Escambia County, AL",50
01055,"Etowah County, AL",46
01057,"Fayette County, AL",47
01059,"Franklin County, AL",43
01061,"Geneva County, AL",43
01063,"Greene County, AL",76
01065,"Hale County, AL",60
01067,"Henry County, AL",49
01069,"Houston County, AL",44
01071,"Jackson County, AL",48
01073,"Jefferson County, AL",43
01075,"Lamar County, AL",42
01077,"Lauderdale County, AL",47
01079,"Lawrence County, AL",50
01081,"Lee County, AL",40
01083,"Limestone County, AL",40
01085,"Lowndes County, AL",83
01087,"Macon County, AL",58
01089,"Madison County, AL",39
01091,"Marengo County, AL",56
01093,"Marion County, AL",48
01095,"Marshall County, AL",39
01097,"Mobile County, AL",52
01099,"Monroe County, AL",67
01101,"Montgomery County, AL",44
01103,"Morgan County, AL",41
01105,"Perry County, AL",78
01107,"Pickens County, AL",54
01109,"Pike County, AL",49
01111,"Randolph County, AL",44
01113,"Russell County, AL",43
01115,"St. Clair County, AL",40
01117,"Shelby County, AL",32
01119,"Sumter County, AL",66
01121,"Talladega County, AL",50
01123,"Tallapoosa County, AL",42
01125,"Tuscaloosa County, AL",42
01127,"Walker County, AL",51
01129,"Washington County, AL",68
01131,"Wilcox County, AL",115
01133,"Winston County, AL",51
02013,"Aleutians East Borough, AK",25
02016,"Aleutians West Census Area, AK",37
02020,"Anchorage Borough/municipality, AK",58
02050,"Bethel Census Area, AK",135
02060,"Bristol Bay Borough, AK",62
02068,"Denali Borough, AK",90
02070,"Dillingham Census Area, AK",89
02090,"Fairbanks North Star Borough, AK",61
02100,"Haines Borough, AK",89
02105,"Hoonah-Angoon Census Area, AK",123
02110,"Juneau Borough/city, AK",46
02122,"Kenai Peninsula Borough, AK",83
02130,"Ketchikan Gateway Borough, AK",61
02150,"Kodiak Island Borough, AK",50
02158,"Kusilvak Census Area, AK",196
02164,"Lake and Peninsula Borough, AK",117
02170,"Matanuska-Susitna Borough, AK",82
02180,"Nome Census Area, AK",121
02185,"North Slope Borough, AK",74
02188,"Northwest Arctic Borough, AK",162
02195,"Petersburg Borough, AK",92
02198,"Prince of Wales-Hyder Census Area, AK",110
02220,"Sitka Borough/city, AK",45
02230,"Skagway Municipality, AK",102
02240,"Southeast Fairbanks Census Area, AK",102
02261,"Valdez-Cordova Census Area, AK",77
02275,"Wrangell Borough/city, AK",76
02282,"Yakutat Borough/city, AK",94
02290,"Yukon-Koyukuk Census Area, AK",176
04001,"Apache County, AZ",103
04003,"Cochise County, AZ",56
04005,"Coconino County, AZ",55
04007,"Gila County, AZ",61
04009,"Graham County, AZ",54
04011,"Greenlee County, AZ",50
04012,"La Paz County, AZ",54
04013,"Maricopa County, AZ",42
04015,"Mohave County, AZ",59
04017,"Navajo County, AZ",77
04019,"Pima County, AZ",45
04021,"Pinal County, AZ",50
04023,"Santa Cruz County, AZ",95
04025,"Yavapai County, AZ",45
04027,"Yuma County, AZ",170
05001,"Arkansas County, AR",33
05003,"Ashley County, AR",57
05005,"Baxter County, AR",43
05007,"Benton County, AR",30
05009,"Boone County, AR",34
05011,"Bradley County, AR",48
05013,"Calhoun County, AR",39
05015,"Carroll County, AR",33
05017,"Chicot County, AR",65
05019,"Clark County, AR",40
05021,"Clay County, AR",45
05023,"Cleburne County, AR",49
05025,"Cleveland County, AR",43
05027,"Columbia County, AR",51
05029,"Conway County, AR",48
05031,"Craighead County, AR",30
05033,"Crawford County, AR",35
05035,"Crittenden County, AR",44
05037,"Cross County, AR",40
05039,"Dallas County, AR",45
05041,"Desha County, AR",48
05043,"Drew County, AR",52
05045,"Faulkner County, AR",33
05047,"Franklin County, AR",35
05049,"Fulton County, AR",42
05051,"Garland County, AR",40
05053,"Grant County, AR",32
05055,"Greene County, AR",37
05057,"Hempstead County, AR",35
05059,"Hot Spring County, AR",37
05061,"Howard County, AR",30
05063,"Independence County, AR",42
05065,"Izard County, AR",55
05067,"Jackson County, AR",59
05069,"Jefferson County, AR",52
05071,"Johnson County, AR",43
05073,"Lafayette County, AR",51
05075,"Lawrence County, AR",38
05077,"Lee County, AR",48
05079,"Lincoln County, AR",42
05081,"Little River County, AR",49
05083,"Logan County, AR",38
05085,"Lonoke County, AR",33
05087,"Madison County, AR",29
05089,"Marion County, AR",39
05091,"Miller County, AR",43
05093,"Mississippi County, AR",59
05095,"Monroe County, AR",43
05097,"Montgomery County, AR",48
05099,"Nevada County, AR",36
05101,"Newton County, AR",36
05103,"Ouachita County, AR",46
05105,"Perry County, AR",41
05107,"Phillips County, AR",58
05109,"Pike County, AR",41
05111,"Poinsett County, AR",42
05113,"Polk County, AR",45
05115,"Pope County, AR",45
05117,"Prairie County, AR",41
05119,"Pulaski County, AR",34
05121,"Randolph County, AR",42
05123,"St. Francis County, AR",50
05125,"Saline County, AR",30
05127,"Scott County, AR",35
05129,"Searcy County, AR",46
05131,"Sebastian County, AR",36
05133,"Sevier County, AR",46
05135,"Sharp County, AR",50
05137,"Stone County, AR",48
05139,"Union County, AR",53
05141,"Van Buren County, AR",55
05143,"Washington County, AR",26
05145,"White County, AR",45
05147,"Woodruff County, AR",49
05149,"Yell County, AR",40
06001,"Alameda County, CA",37
06003,"Alpine County, CA",62
06005,"Amador County, CA",50
06007,"Butte County, CA",58
06009,"Calaveras County, CA",47
06011,"Colusa County, CA",142
06013,"Contra Costa County, CA",38
06015,"Del Norte County, CA",64
06017,"El Dorado County, CA",44
06019,"Fresno County, CA",85
06021,"Glenn County, CA",75
06023,"Humboldt County, CA",42
06025,"Imperial County, CA",195
06027,"Inyo County, CA",44
06029,"Kern County, CA",92
06031,"Kings County, CA",89
06033,"Lake County, CA",58
06035,"Lassen County, CA",55
06037,"Los Angeles County, CA",48
06039,"Madera County, CA",81
06041,"Marin County, CA",29
06043,"Mariposa County, CA",58
06045,"Mendocino County, CA",45
06047,"Merced County, CA",94
06049,"Modoc County, CA",81
06051,"Mono County, CA",44
06053,"Monterey County, CA",72
06055,"Napa County, CA",36
06057,"Nevada County, CA",41
06059,"Orange County, CA",35
06061,"Placer County, CA",39
06063,"Plumas County, CA",89
06065,"Riverside County, CA",52
06067,"Sacramento County, CA",47
06069,"San Benito County, CA",58
06071,"San Bernardino County, CA",49
06073,"San Diego County, CA",40
06075,"San Francisco County/city, CA",29
06077,"San Joaquin County, CA",70
06079,"San Luis Obispo County, CA",36
06081,"San Mateo County, CA",27
06083,"Santa Barbara County, CA",45
06085,"Santa Clara County, CA",32
06087,"Santa Cruz County, CA",57
06089,"Shasta County, CA",58
06091,"Sierra County, CA",65
06093,"Siskiyou County, CA",72
06095,"Solano County, CA",48
06097,"Sonoma County, CA",34
06099,"Stanislaus County, CA",75
06101,"Sutter County, CA",87
06103,"Tehama County, CA",64
06105,"Trinity County, CA",62
06107,"Tulare County, CA",104
06109,"Tuolumne County, CA",54
06111,"Ventura County, CA",45
06113,"Yolo County, CA",51
06115,"Yuba County, CA",74
08001,"Adams County, CO",29
08003,"Alamosa County, CO",33
08005,"Arapahoe County, CO",27
08007,"Archuleta County, CO",29
08009,"Baca County, CO",16
08011,"Bent County, CO",26
08013,"Boulder County, CO",23
08014,"Broomfield County/city, CO",25
08015,"Chaffee County, CO",23
08017,"Cheyenne County, CO",17
08019,"Clear Creek County, CO",25
08021,"Conejos County, CO",40
08023,"Costilla County, CO",34
08025,"Crowley County, CO",30
08027,"Custer County, CO",29
08029,"Delta County, CO",37
08031,"Denver County/city, CO",26
08033,"Dolores County, CO",29
08035,"Douglas County, CO",23
08037,"Eagle County, CO",22
08039,"Elbert County, CO",23
08041,"El Paso County, CO",31
08043,"Fremont County, CO",41
08045,"Garfield County, CO",28
08047,"Gilpin County, CO",19
08049,"Grand County, CO",22
08051,"Gunnison County, CO",20
08053,"Hinsdale County, CO",21
08055,"Huerfano County, CO",56
08057,"Jackson County, CO",18
08059,"Jefferson County, CO",25
08061,"Kiowa County, CO",17
08063,"Kit Carson County, CO",16
08065,"Lake County, CO",21
08067,"La Plata County, CO",23
08069,"Larimer County, CO",23
08071,"Las Animas County, CO",39
08073,"Lincoln County, CO",20
08075,"Logan County, CO",22
08077,"Mesa County, CO",38
08079,"Mineral County, CO",19
08081,"Moffat County, CO",32
08083,"Montezuma County, CO",38
08085,"Montrose County, CO",32
08087,"Morgan County, CO",23
08089,"Otero County, CO",40
08091,"Ouray County, CO",28
08093,"Park County, CO",23
08095,"Phillips County, CO",16
08097,"Pitkin County, CO",30
08099,"Prowers County, CO",25
08101,"Pueblo County, CO",41
08103,"Rio Blanco County, CO",38
08105,"Rio Grande County, CO",42
08107,"Routt County, CO",23
08109,"Saguache County, CO",42
08111,"San Juan County, CO",21
08113,"San Miguel County, CO",27
08115,"Sedgwick County, CO",21
08117,"Summit County, CO",18
08119,"Teller County, CO",31
08121,"Washington County, CO",19
08123,"Weld County, CO",26
08125,"Yuma County, CO",15
09001,"Fairfield County, CT",46
09003,"Hartford County, CT",49
09005,"Litchfield County, CT",44
09007,"Middlesex County, CT",41
09009,"New Haven County, CT",51
09011,"New London County, CT",45
09013,"Tolland County, CT",40
09015,"Windham County, CT",51
10001,"Kent County, DE",49
10003,"New Castle County, DE",44
10005,"Sussex County, DE",45
11001,District of Columbia,61
12001,"Alachua County, FL",38
12003,"Baker County, FL",42
12005,"Bay County, FL",41
12007,"Bradford County, FL",36
12009,"Brevard County, FL",43
12011,"Broward County, FL",40
12013,"Calhoun County, FL",49
12015,"Charlotte County, FL",47
12017,"Citrus County, FL",59
12019,"Clay County, FL",39
12021,"Collier County, FL",41
12023,"Columbia County, FL",44
12027,"DeSoto County, FL",45
12029,"Dixie County, FL",48
12031,"Duval County, FL",42
12033,"Escambia County, FL",42
12035,"Flagler County, FL",48
12037,"Franklin County, FL",36
12039,"Gadsden County, FL",55
12041,"Gilchrist County, FL",44
12043,"Glades County, FL",54
12045,"Gulf County, FL",39
12047,"Hamilton County, FL",48
12049,"Hardee County, FL",59
12051,"Hendry County, FL",73
12053,"Hernando County, FL",52
12055,"Highlands County, FL",57
12057,"Hillsborough County, FL",39
12059,"Holmes County, FL",47
12061,"Indian River County, FL",50
12063,"Jackson County, FL",45
12065,"Jefferson County, FL",44
12067,"Lafayette County, FL",37
12069,"Lake County, FL",42
12071,"Lee County, FL",41
12073,"Leon County, FL",39
12075,"Levy County, FL",45
12077,"Liberty County, FL",46
12079,"Madison County, FL",45
12081,"Manatee County, FL",40
12083,"Marion County, FL",50
12085,"Martin County, FL",42
12086,"Miami-Dade County, FL",46
12087,"Monroe County, FL",33
12089,"Nassau County, FL",39
12091,"Okaloosa County, FL",35
12093,"Okeechobee County, FL",44
12095,"Orange County, FL",38
12097,"Osceola County, FL",43
12099,"Palm Beach County, FL",42
12101,"Pasco County, FL",45
12103,"Pinellas County, FL",38
12105,"Polk County, FL",48
12107,"Putnam County, FL",54
12109,"St. Johns County, FL",34
12111,"St. Lucie County, FL",52
12113,"Santa Rosa County, FL",39
12115,"Sarasota County, FL",39
12117,"Seminole County, FL",37
12119,"Sumter County, FL",61
12121,"Suwannee County, FL",43
12123,"Taylor County, FL",45
12125,"Union County, FL",37
12127,"Volusia County, FL",44
12129,"Wakulla County, FL",36
12131,"Walton County, FL",37
12133,"Washington County, FL",44
13001,"Appling County, GA",54
13003,"Atkinson County, GA",44
13005,"Bacon County, GA",44
13007,"Baker County, GA",61
13009,"Baldwin County, GA",58
13011,"Banks County, GA",39
13013,"Barrow County, GA",40
13015,"Bartow County, GA",46
13017,"Ben Hill County, GA",77
13019,"Berrien County, GA",51
13021,"Bibb County, GA",53
13023,"Bleckley County, GA",67
13025,"Brantley County, GA",57
13027,"Brooks County, GA",45
13029,"Bryan County, GA",42
13031,"Bulloch County, GA",50
13033,"Burke County, GA",71
13035,"Butts County, GA",48
13037,"Calhoun County, GA",52
13039,"Camden County, GA",50
13043,"Candler County, GA",41
13045,"Carroll County, GA",50
13047,"Catoosa County, GA",41
13049,"Charlton County, GA",50
13051,"Chatham County, GA",45
13053,"Chattahoochee County, GA",67
13055,"Chattooga County, GA",47
13057,"Cherokee County, GA",37
13059,"Clarke County, GA",47
13061,"Clay County, GA",89
13063,"Clayton County, GA",58
13065,"Clinch County, GA",54
13067,"Cobb County, GA",41
13069,"Coffee County, GA",50
13071,"Colquitt County, GA",45
13073,"Columbia County, GA",41
13075,"Cook County, GA",45
13077,"Coweta County, GA",42
13079,"Crawford County, GA",49
13081,"Crisp County, GA",51
13083,"Dade County, GA",43
13085,"Dawson County, GA",38
13087,"Decatur County, GA",55
13089,"DeKalb County, GA",48
13091,"Dodge County, GA",62
13093,"Dooly County, GA",50
13095,"Dougherty County, GA",60
13097,"Douglas County, GA",49
13099,"Early County, GA",54
13101,"Echols County, GA",39
13103,"Effingham County, GA",40
13105,"Elbert County, GA",52
13107,"Emanuel County, GA",66
13109,"Evans County, GA",43
13111,"Fannin County, GA",47
13113,"Fayette County, GA",40
13115,"Floyd County, GA",52
13117,"Forsyth County, GA",37
13119,"Franklin County, GA",47
13121,"Fulton County, GA",48
13123,"Gilmer County, GA",50
13125,"Glascock County, GA",49
13127,"Glynn County, GA",47
13129,"Gordon County, GA",46
13131,"Grady County, GA",48
13133,"Greene County, GA",51
13135,"Gwinnett County, GA",42
13137,"Habersham County, GA",45
13139,"Hall County, GA",39
13141,"Hancock County, GA",70
13143,"Haralson County, GA",47
13145,"Harris County, GA",41
13147,"Hart County, GA",44
13149,"Heard County, GA",49
13151,"Henry County, GA",48
13153,"Houston County, GA",47
13155,"Irwin County, GA",69
13157,"Jackson County, GA",36
13159,"Jasper County, GA",43
13161,"Jeff Davis County, GA",60
13163,"Jefferson County, GA",61
13165,"Jenkins County, GA",67
13167,"Johnson County, GA",50
13169,"Jones County, GA",43
13171,"Lamar County, GA",56
13173,"Lanier County, GA",50
13175,"Laurens County, GA",58
13177,"Lee County, GA",41
13179,"Liberty County, GA",51
13181,"Lincoln County, GA",52
13183,"Long County, GA",48
13185,"Lowndes County, GA",46
13187,"Lumpkin County, GA",41
13189,"McDuffie County, GA",62
13191,"McIntosh County, GA",50
13193,"Macon County, GA",69
13195,"Madison County, GA",42
13197,"Marion County, GA",60
13199,"Meriwether County, GA",59
13201,"Miller County, GA",44
13205,"Mitchell County, GA",62
13207,"Monroe County, GA",44
13209,"Montgomery County, GA",65
13211,"Morgan County, GA",44
13213,"Murray County, GA",61
13215,"Muscogee County, GA",59
13217,"Newton County, GA",53
13219,"Oconee County, GA",35
13221,"Oglethorpe County, GA",43
13223,"Paulding County, GA",41
13225,"Peach County, GA",58
13227,"Pickens County, GA",42
13229,"Pierce County, GA",45
13231,"Pike County, GA",44
13233,"Polk County, GA",52
13235,"Pulaski County, GA",52
13237,"Putnam County, GA",57
13239,"Quitman County, GA",59
13241,"Rabun County, GA",49
13243,"Randolph County, GA",64
13245,"Richmond County, GA",59
13247,"Rockdale County, GA",52
13249,"Schley County, GA",54
13251,"Screven County, GA",62
13253,"Seminole County, GA",64
13255,"Spalding County, GA",58
13257,"Stephens County, GA",52
13259,"Stewart County, GA",59
13261,"Sumter County, GA",67
13263,"Talbot County, GA",61
13265,"Taliaferro County, GA",66
13267,"Tattnall County, GA",49
13269,"Taylor County, GA",86
13271,"Telfair County, GA",78
13273,"Terrell County, GA",59
13275,"Thomas County, GA",58
13277,"Tift County, GA",46
13279,"Toombs County, GA",65
13281,"Towns County, GA",65
13283,"Treutlen County, GA",67
13285,"Troup County, GA",44
13287,"Turner County, GA",56
13289,"Twiggs County, GA",75
13291,"Union County, GA",45
13293,"Upson County, GA",54
13295,"Walker County, GA",45
13297,"Walton County, GA",43
13299,"Ware County, GA",45
13301,"Warren County, GA",58
13303,"Washington County, GA",58
13305,"Wayne County, GA",57
13307,"Webster County, GA",75
13309,"Wheeler County, GA",89
13311,"White County, GA",38
13313,"Whitfield County, GA",54
13315,"Wilcox County, GA",58
13317,"Wilkes County, GA",56
13319,"Wilkinson County, GA",56
13321,"Worth County, GA",48
15001,"Hawaii County, HI",29
15003,"Honolulu County/city, HI",23
15007,"Kauai County, HI",24
15009,"Maui County, HI",26
16001,"Ada County, ID",28
16003,"Adams County, ID",59
16005,"Bannock County, ID",31
16007,"Bear Lake County, ID",32
16009,"Benewah County, ID",57
16011,"Bingham County, ID",30
16013,"Blaine County, ID",26
16015,"Boise County, ID",49
16017,"Bonner County, ID",46
16019,"Bonneville County, ID",27
16021,"Boundary County, ID",48
16023,"Butte County, ID",30
16025,"Camas County, ID",28
16027,"Canyon County, ID",36
16029,"Caribou County, ID",32
16031,"Cassia County, ID",25
16033,"Clark County, ID",28
16035,"Clearwater County, ID",71
16037,"Custer County, ID",43
16039,"Elmore County, ID",37
16041,"Franklin County, ID",23
16043,"Fremont County, ID",27
16045,"Gem County, ID",40
16047,"Gooding County, ID",25
16049,"Idaho County, ID",50
16051,"Jefferson County, ID",26
16053,"Jerome County, ID",28
16055,"Kootenai County, ID",39
16057,"Latah County, ID",27
16059,"Lemhi County, ID",53
16061,"Lewis County, ID",59
16063,"Lincoln County, ID",33
16065,"Madison County, ID",19
16067,"Minidoka County, ID",27
16069,"Nez Perce County, ID",29
16071,"Oneida County, ID",29
16073,"Owyhee County, ID",40
16075,"Payette County, ID",40
16077,"Power County, ID",34
16079,"Shoshone County, ID",64
16081,"Teton County, ID",26
16083,"Twin Falls County, ID",30
16085,"Valley County, ID",45
16087,"Washington County, ID",47
17001,"Adams County, IL",39
17003,"Alexander County, IL",84
17005,"Bond County, IL",45
17007,"Boone County, IL",68
17009,"Brown County, IL",29
17011,"Bureau County, IL",49
17013,"Calhoun County, IL",55
17015,"Carroll County, IL",47
17017,"Cass County, IL",46
17019,"Champaign County, IL",44
17021,"Christian County, IL",53
17023,"Clark County, IL",49
17025,"Clay County, IL",54
17027,"Clinton County, IL",36
17029,"Coles County, IL",47
17031,"Cook County, IL",51
17033,"Crawford County, IL",53
17035,"Cumberland County, IL",40
17037,"DeKalb County, IL",47
17039,"De Witt County, IL",48
17041,"Douglas County, IL",42
17043,"DuPage County, IL",39
17045,"Edgar County, IL",49
17047,"Edwards County, IL",47
17049,"Effingham County, IL",38
17051,"Fayette County, IL",56
17053,"Ford County, IL",49
17055,"Franklin County, IL",66
17057,"Fulton County, IL",65
17059,"Gallatin County, IL",58
17061,"Greene County, IL",52
17063,"Grundy County, IL",57
17065,"Hamilton County, IL",46
17067,"Hancock County, IL",52
17069,"Hardin County, IL",78
17071,"Henderson County, IL",52
17073,"Henry County, IL",52
17075,"Iroquois County, IL",46
17077,"Jackson County, IL",45
17079,"Jasper County, IL",51
17081,"Jefferson County, IL",55
17083,"Jersey County, IL",49
17085,"Jo Daviess County, IL",45
17087,"Johnson County, IL",76
17089,"Kane County, IL",49
17091,"Kankakee County, IL",55
17093,"Kendall County, IL",43
17095,"Knox County, IL",53
17097,"Lake County, IL",46
17099,"LaSalle County, IL",57
17101,"Lawrence County, IL",61
17103,"Lee County, IL",44
17105,"Livingston County, IL",45
17107,"Logan County, IL",46
17109,"McDonough County, IL",51
17111,"McHenry County, IL",44
17113,"McLean County, IL",42
17115,"Macon County, IL",56
17117,"Macoupin County, IL",49
17119,"Madison County, IL",48
17121,"Marion County, IL",53
17123,"Marshall County, IL",55
17125,"Mason County, IL",61
17127,"Massac County, IL",66
17129,"Menard County, IL",42
17131,"Mercer County, IL",52
17133,"Monroe County, IL",34
17135,"Montgomery County, IL",58
17137,"Morgan County, IL",44
17139,"Moultrie County, IL",39
17141,"Ogle County, IL",52
17143,"Peoria County, IL",59
17145,"Perry County, IL",61
17147,"Piatt County, IL",41
17149,"Pike County, IL",46
17151,"Pope County, IL",64
17153,"Pulaski County, IL",80
17155,"Putnam County, IL",50
17157,"Randolph County, IL",45
17159,"Richland County, IL",48
17161,"Rock Island County, IL",52
17163,"St. Clair County, IL",51
17165,"Saline County, IL",65
17167,"Sangamon County, IL",43
17169,"Schuyler County, IL",46
17171,"Scott County, IL",53
17173,"Shelby County, IL",45
17175,"Stark County, IL",64
17177,"Stephenson County, IL",47
17179,"Tazewell County, IL",54
17181,"Union County, IL",65
17183,"Vermilion County, IL",65
17185,"Wabash County, IL",51
17187,"Warren County, IL",42
17189,"Washington County, IL",30
17191,"Wayne County, IL",62
17193,"White County, IL",49
17195,"Whiteside County, IL",49
17197,"Will County, IL",50
17199,"Williamson County, IL",52
17201,"Winnebago County, IL",65
17203,"Woodford County, IL",44
18001,"Adams County, IN",26
18003,"Allen County, IN",34
18005,"Bartholomew County, IN",28
18007,"Benton County, IN",34
18009,"Blackford County, IN",41
18011,"Boone County, IN",29
18013,"Brown County, IN",34
18015,"Carroll County, IN",34
18017,"Cass County, IN",38
18019,"Clark County, IN",35
18021,"Clay County, IN",37
18023,"Clinton County, IN",31
18025,"Crawford County, IN",45
18027,"Daviess County, IN",28
18029,"Dearborn County, IN",39
18031,"Decatur County, IN",29
18033,"DeKalb County, IN",29
18035,"Delaware County, IN",43
18037,"Dubois County, IN",26
18039,"Elkhart County, IN",25
18041,"Fayette County, IN",51
18043,"Floyd County, IN",34
18045,"Fountain County, IN",40
18047,"Franklin County, IN",36
18049,"Fulton County, IN",35
18051,"Gibson County, IN",30
18053,"Grant County, IN",39
18055,"Greene County, IN",48
18057,"Hamilton County, IN",28
18059,"Hancock County, IN",30
18061,"Harrison County, IN",35
18063,"Hendricks County, IN",29
18065,"Henry County, IN",37
18067,"Howard County, IN",38
18069,"Huntington County, IN",36
18071,"Jackson County, IN",30
18073,"Jasper County, IN",43
18075,"Jay County, IN",35
18077,"Jefferson County, IN",37
18079,"Jennings County, IN",38
18081,"Johnson County, IN",30
18083,"Knox County, IN",34
18085,"Kosciusko County, IN",27
18087,"LaGrange County, IN",26
18089,"Lake County, IN",51
18091,"LaPorte County, IN",45
18093,"Lawrence County, IN",44
18095,"Madison County, IN",40
18097,"Marion County, IN",36
18099,"Marshall County, IN",31
18101,"Martin County, IN",30
18103,"Miami County, IN",39
18105,"Monroe County, IN",37
18107,"Montgomery County, IN",31
18109,"Morgan County, IN",35
18111,"Newton County, IN",48
18113,"Noble County, IN",31
18115,"Ohio County, IN",36
18117,"Orange County, IN",40
18119,"Owen County, IN",44
18121,"Parke County, IN",40
18123,"Perry County, IN",38
18125,"Pike County, IN",34
18127,"Porter County, IN",41
18129,"Posey County, IN",30
18131,"Pulaski County, IN",35
18133,"Putnam County, IN",37
18135,"Randolph County, IN",42
18137,"Ripley County, IN",36
18139,"Rush County, IN",31
18141,"St. Joseph County, IN",36
18143,"Scott County, IN",38
18145,"Shelby County, IN",34
18147,"Spencer County, IN",34
18149,"Starke County, IN",44
18151,"Steuben County, IN",29
18153,"Sullivan County, IN",44
18155,"Switzerland County, IN",40
18157,"Tippecanoe County, IN",32
18159,"Tipton County, IN",31
18161,"Union County, IN",31
18163,"Vanderburgh County, IN",33
18165,"Vermillion County, IN",54
18167,"Vigo County, IN",42
18169,"Wabash County, IN",35
18171,"Warren County, IN",34
18173,"Warrick County, IN",32
18175,"Washington County, IN",37
18177,"Wayne County, IN",38
18179,"Wells County, IN",30
18181,"White County, IN",33
18183,"Whitley County, IN",29
19001,"Adair County, IA",28
19003,"Adams County, IA",23
19005,"Allamakee County, IA",40
19007,"Appanoose County, IA",38
19009,"Audubon County, IA",31
19011,"Benton County, IA",33
19013,"Black Hawk County, IA",37
19015,"Boone County, IA",24
19017,"Bremer County, IA",28
19019,"Buchanan County, IA",32
19021,"Buena Vista County, IA",26
19023,"Butler County, IA",36
19025,"Calhoun County, IA",30
19027,"Carroll County, IA",23
19029,"Cass County, IA",36
19031,"Cedar County, IA",29
19033,"Cerro Gordo County, IA",30
19035,"Cherokee County, IA",25
19037,"Chickasaw County, IA",32
19039,"Clarke County, IA",31
19041,"Clay County, IA",37
19043,"Clayton County, IA",39
19045,"Clinton County, IA",41
19047,"Crawford County, IA",41
19049,"Dallas County, IA",21
19051,"Davis County, IA",33
19053,"Decatur County, IA",26
19055,"Delaware County, IA",27
19057,"Des Moines County, IA",42
19059,"Dickinson County, IA",36
19061,"Dubuque County, IA",30
19063,"Emmet County, IA",32
19065,"Fayette County, IA",36
19067,"Floyd County, IA",32
19069,"Franklin County, IA",27
19071,"Fremont County, IA",26
19073,"Greene County, IA",27
19075,"Grundy County, IA",29
19077,"Guthrie County, IA",32
19079,"Hamilton County, IA",32
19081,"Hancock County, IA",26
19083,"Hardin County, IA",32
19085,"Harrison County, IA",27
19087,"Henry County, IA",30
19089,"Howard County, IA",30
19091,"Humboldt County, IA",30
19093,"Ida County, IA",23
19095,"Iowa County, IA",26
19097,"Jackson County, IA",34
19099,"Jasper County, IA",31
19101,"Jefferson County, IA",31
19103,"Johnson County, IA",25
19105,"Jones County, IA",36
19107,"Keokuk County, IA",36
19109,"Kossuth County, IA",24
19111,"Lee County, IA",54
19113,"Linn County, IA",33
19115,"Louisa County, IA",33
19117,"Lucas County, IA",28
19119,"Lyon County, IA",17
19121,"Madison County, IA",36
19123,"Mahaska County, IA",32
19125,"Marion County, IA",26
19127,"Marshall County, IA",46
19129,"Mills County, IA",28
19131,"Mitchell County, IA",21
19133,"Monona County, IA",36
19135,"Monroe County, IA",38
19137,"Montgomery County, IA",31
19139,"Muscatine County, IA",33
19141,"O'Brien County, IA",24
19143,"Osceola County, IA",21
19145,"Page County, IA",39
19147,"Palo Alto County, IA",27
19149,"Plymouth County, IA",24
19151,"Pocahontas County, IA",24
19153,"Polk County, IA",31
19155,"Pottawattamie County, IA",28
19157,"Poweshiek County, IA",31
19159,"Ringgold County, IA",31
19161,"Sac County, IA",28
19163,"Scott County, IA",36
19165,"Shelby County, IA",24
19167,"Sioux County, IA",20
19169,"Story County, IA",20
19171,"Tama County, IA",35
19173,"Taylor County, IA",22
19175,"Union County, IA",31
19177,"Van Buren County, IA",30
19179,"Wapello County, IA",45
19181,"Warren County, IA",27
19183,"Washington County, IA",29
19185,"Wayne County, IA",31
19187,"Webster County, IA",37
19189,"Winnebago County, IA",31
19191,"Winneshiek County, IA",31
19193,"Woodbury County, IA",32
19195,"Worth County, IA",30
19197,"Wright County, IA",34
20001,"Allen County, KS",49
20003,"Anderson County, KS",39
20005,"Atchison County, KS",52
20007,"Barber County, KS",29
20009,"Barton County, KS",36
20011,"Bourbon County, KS",44
20013,"Brown County, KS",32
20015,"Butler County, KS",38
20017,"Chase County, KS",26
20019,"Chautauqua County, KS",47
20021,"Cherokee County, KS",39
20023,"Cheyenne County, KS",26
20025,"Clark County, KS",25
20027,"Clay County, KS",37
20029,"Cloud County, KS",43
20031,"Coffey County, KS",53
20033,"Comanche County, KS",29
20035,"Cowley County, KS",38
20037,"Crawford County, KS",42
20039,"Decatur County, KS",31
20041,"Dickinson County, KS",38
20043,"Doniphan County, KS",35
20045,"Douglas County, KS",32
20047,"Edwards County, KS",31
20049,"Elk County, KS",42
20051,"Ellis County, KS",25
20053,"Ellsworth County, KS",31
20055,"Finney County, KS",28
20057,"Ford County, KS",28
20059,"Franklin County, KS",37
20061,"Geary County, KS",50
20063,"Gove County, KS",23
20065,"Graham County, KS",36
20067,"Grant County, KS",32
20069,"Gray County, KS",20
20071,"Greeley County, KS",18
20073,"Greenwood County, KS",42
20075,"Hamilton County, KS",24
20077,"Harper County, KS",38
20079,"Harvey County, KS",41
20081,"Haskell County, KS",22
20083,"Hodgeman County, KS",25
20085,"Jackson County, KS",31
20087,"Jefferson County, KS",36
20089,"Jewell County, KS",35
20091,"Johnson County, KS",30
20093,"Kearny County, KS",25
20095,"Kingman County, KS",37
20097,"Kiowa County, KS",25
20099,"Labette County, KS",45
20101,"Lane County, KS",33
20103,"Leavenworth County, KS",39
20105,"Lincoln County, KS",29
20107,"Linn County, KS",59
20109,"Logan County, KS",22
20111,"Lyon County, KS",38
20113,"McPherson County, KS",28
20115,"Marion County, KS",36
20117,"Marshall County, KS",28
20119,"Meade County, KS",25
20121,"Miami County, KS",38
20123,"Mitchell County, KS",27
20125,"Montgomery County, KS",53
20127,"Morris County, KS",31
20129,"Morton County, KS",38
20131,"Nemaha County, KS",24
20133,"Neosho County, KS",53
20135,"Ness County, KS",29
20137,"Norton County, KS",22
20139,"Osage County, KS",40
20141,"Osborne County, KS",27
20143,"Ottawa County, KS",31
20145,"Pawnee County, KS",33
20147,"Phillips County, KS",30
20149,"Pottawatomie County, KS",31
20151,"Pratt County, KS",33
20153,"Rawlins County, KS",23
20155,"Reno County, KS",39
20157,"Republic County, KS",28
20159,"Rice County, KS",32
20161,"Riley County, KS",31
20163,"Rooks County, KS",39
20165,"Rush County, KS",32
20167,"Russell County, KS",34
20169,"Saline County, KS",32
20171,"Scott County, KS",22
20173,"Sedgwick County, KS",43
20175,"Seward County, KS",35
20177,"Shawnee County, KS",37
20179,"Sheridan County, KS",23
20181,"Sherman County, KS",29
20183,"Smith County, KS",28
20185,"Stafford County, KS",33
20187,"Stanton County, KS",28
20189,"Stevens County, KS",32
20191,"Sumner County, KS",38
20193,"Thomas County, KS",26
20195,"Trego County, KS",34
20197,"Wabaunsee County, KS",32
20199,"Wallace County, KS",26
20201,"Washington County, KS",30
20203,"Wichita County, KS",25
20205,"Wilson County, KS",47
20207,"Woodson County, KS",44
20209,"Wyandotte County, KS",52
21001,"Adair County, KY",61
21003,"Allen County, KY",41
21005,"Anderson County, KY",41
21007,"Ballard County, KY",77
21009,"Barren County, KY",46
21011,"Bath County, KY",79
21013,"Bell County, KY",79
21015,"Boone County, KY",39
21017,"Bourbon County, KY",46
21019,"Boyd County, KY",72
21021,"Boyle County, KY",51
21023,"Bracken County, KY",58
21025,"Breathitt County, KY",88
21027,"Breckinridge County, KY",60
21029,"Bullitt County, KY",42
21031,"Butler County, KY",55
21033,"Caldwell County, KY",53
21035,"Calloway County, KY",44
21037,"Campbell County, KY",38
21039,"Carlisle County, KY",69
21041,"Carroll County, KY",47
21043,"Carter County, KY",99
21045,"Casey County, KY",49
21047,"Christian County, KY",62
21049,"Clark County, KY",47
21051,"Clay County, KY",89
21053,"Clinton County, KY",66
21055,"Crittenden County, KY",55
21057,"Cumberland County, KY",53
21059,"Daviess County, KY",44
21061,"Edmonson County, KY",60
21063,"Elliott County, KY",107
21065,"Estill County, KY",60
21067,"Fayette County, KY",37
21069,"Fleming County, KY",61
21071,"Floyd County, KY",84
21073,"Franklin County, KY",41
21075,"Fulton County, KY",73
21077,"Gallatin County, KY",46
21079,"Garrard County, KY",49
21081,"Grant County, KY",49
21083,"Graves County, KY",60
21085,"Grayson County, KY",61
21087,"Green County, KY",47
21089,"Greenup County, KY",77
21091,"Hancock County, KY",51
21093,"Hardin County, KY",46
21095,"Harlan County, KY",100
21097,"Harrison County, KY",46
21099,"Hart County, KY",45
21101,"Henderson County, KY",46
21103,"Henry County, KY",41
21105,"Hickman County, KY",75
21107,"Hopkins County, KY",50
21109,"Jackson County, KY",85
21111,"Jefferson County, KY",44
21113,"Jessamine County, KY",38
21115,"Johnson County, KY",87
21117,"Kenton County, KY",40
21119,"Knott County, KY",86
21121,"Knox County, KY",76
21123,"Larue County, KY",48
21125,"Laurel County, KY",59
21127,"Lawrence County, KY",91
21129,"Lee County, KY",85
21131,"Leslie County, KY",102
21133,"Letcher County, KY",94
21135,"Lewis County, KY",93
21137,"Lincoln County, KY",57
21139,"Livingston County, KY",76
21141,"Logan County, KY",44
21143,"Lyon County, KY",58
21145,"McCracken County, KY",61
21147,"McCreary County, KY",69
21149,"McLean County, KY",54
21151,"Madison County, KY",43
21153,"Magoffin County, KY",163
21155,"Marion County, KY",42
21157,"Marshall County, KY",60
21159,"Martin County, KY",77
21161,"Mason County, KY",62
21163,"Meade County, KY",52
21165,"Menifee County, KY",88
21167,"Mercer County, KY",49
21169,"Metcalfe County, KY",41
21171,"Monroe County, KY",39
21173,"Montgomery County, KY",67
21175,"Morgan County, KY",74
21177,"Muhlenberg County, KY",70
21179,"Nelson County, KY",44
21181,"Nicholas County, KY",56
21183,"Ohio County, KY",64
21185,"Oldham County, KY",35
21187,"Owen County, KY",44
21189,"Owsley County, KY",84
21191,"Pendleton County, KY",47
21193,"Perry County, KY",83
21195,"Pike County, KY",78
21197,"Powell County, KY",67
21199,"Pulaski County, KY",57
21201,"Robertson County, KY",62
21203,"Rockcastle County, KY",59
21205,"Rowan County, KY",58
21207,"Russell County, KY",72
21209,"Scott County, KY",37
21211,"Shelby County, KY",36
21213,"Simpson County, KY",46
21215,"Spencer County, KY",39
21217,"Taylor County, KY",44
21219,"Todd County, KY",42
21221,"Trigg County, KY",57
21223,"Trimble County, KY",50
21225,"Union County, KY",60
21227,"Warren County, KY",41
21229,"Washington County, KY",42
21231,"Wayne County, KY",78
21233,"Webster County, KY",52
21235,"Whitley County, KY",58
21237,"Wolfe County, KY",92
21239,"Woodford County, KY",33
22001,"Acadia Parish, LA",59
22003,"Allen Parish, LA",53
22005,"Ascension Parish, LA",43
22007,"Assumption Parish, LA",73
22009,"Avoyelles Parish, LA",61
22011,"Beauregard Parish, LA",53
22013,"Bienville Parish, LA",60
22015,"Bossier Parish, LA",45
22017,"Caddo Parish, LA",58
22019,"Calcasieu Parish, LA",40
22021,"Caldwell Parish, LA",57
22023,"Cameron Parish, LA",36
22025,"Catahoula Parish, LA",70
22027,"Claiborne Parish, LA",53
22029,"Concordia Parish, LA",79
22031,"De Soto Parish, LA",61
22033,"East Baton Rouge Parish, LA",44
22035,"East Carroll Parish, LA",111
22037,"East Feliciana Parish, LA",48
22039,"Evangeline Parish, LA",59
22041,"Franklin Parish, LA",75
22043,"Grant Parish, LA",63
22045,"Iberia Parish, LA",73
22047,"Iberville Parish, LA",62
22049,"Jackson Parish, LA",45
22051,"Jefferson Parish, LA",45
22053,"Jefferson Davis Parish, LA",49
22055,"Lafayette Parish, LA",49
22057,"Lafourche Parish, LA",52
22059,"LaSalle Parish, LA",47
22061,"Lincoln Parish, LA",52
22063,"Livingston Parish, LA",42
22065,"Madison Parish, LA",81
22067,"Morehouse Parish, LA",80
22069,"Natchitoches Parish, LA",60
22071,"Orleans Parish, LA",51
22073,"Ouachita Parish, LA",52
22075,"Plaquemines Parish, LA",46
22077,"Pointe Coupee Parish, LA",56
22079,"Rapides Parish, LA",56
22081,"Red River Parish, LA",52
22083,"Richland Parish, LA",61
22085,"Sabine Parish, LA",55
22087,"St. Bernard Parish, LA",52
22089,"St. Charles Parish, LA",45
22091,"St. Helena Parish, LA",66
22093,"St. James Parish, LA",66
22095,"St. John the Baptist Parish, LA",61
22097,"St. Landry Parish, LA",67
22099,"St. Martin Parish, LA",61
22101,"St. Mary Parish, LA",79
22103,"St. Tammany Parish, LA",43
22105,"Tangipahoa Parish, LA",57
22107,"Tensas Parish, LA",85
22109,"Terrebonne Parish, LA",57
22111,"Union Parish, LA",55
22113,"Vermilion Parish, LA",60
22115,"Vernon Parish, LA",65
22117,"Washington Parish, LA",58
22119,"Webster Parish, LA",68
22121,"West Baton Rouge Parish, LA",46
22123,"West Carroll Parish, LA",98
22125,"West Feliciana Parish, LA",42
22127,"Winn Parish, LA",64
23001,"Androscoggin County, ME",32
23003,"Aroostook County, ME",49
23005,"Cumberland County, ME",26
23007,"Franklin County, ME",42
23009,"Hancock County, ME",39
23011,"Kennebec County, ME",33
23013,"Knox County, ME",32
23015,"Lincoln County, ME",33
23017,"Oxford County, ME",39
23019,"Penobscot County, ME",38
23021,"Piscataquis County, ME",41
23023,"Sagadahoc County, ME",28
23025,"Somerset County, ME",50
23027,"Waldo County, ME",37
23029,"Washington County, ME",51
23031,"York County, ME",30
24001,"Allegany County, MD",59
24003,"Anne Arundel County, MD",36
24005,"Baltimore County, MD",44
24009,"Calvert County, MD",37
24011,"Caroline County, MD",44
24013,"Carroll County, MD",35
24015,"Cecil County, MD",49
24017,"Charles County, MD",41
24019,"Dorchester County, MD",59
24021,"Frederick County, MD",37
24023,"Garrett County, MD",53
24025,"Harford County, MD",40
24027,"Howard County, MD",32
24029,"Kent County, MD",46
24031,"Montgomery County, MD",34
24033,"Prince George's County, MD",43
24035,"Queen Anne's County, MD",38
24037,"St. Mary's County, MD",41
24039,"Somerset County, MD",70
24041,"Talbot County, MD",41
24043,"Washington County, MD",48
24045,"Wicomico County, MD",59
24047,"Worcester County, MD",88
24510,"Baltimore city, MD",63
25001,"Barnstable County, MA",47
25003,"Berkshire County, MA",44
25005,"Bristol County, MA",48
25007,"Dukes County, MA",49
25009,"Essex County, MA",38
25011,"Franklin County, MA",34
25013,"Hampden County, MA",51
25015,"Hampshire County, MA",35
25017,"Middlesex County, MA",31
25019,"Nantucket County/town, MA",45
25021,"Norfolk County, MA",34
25023,"Plymouth County, MA",40
25025,"Suffolk County, MA",34
25027,"Worcester County, MA",39
26001,"Alcona County, MI",71
26003,"Alger County, MI",83
26005,"Allegan County, MI",37
26007,"Alpena County, MI",57
26009,"Antrim County, MI",65
26011,"Arenac County, MI",80
26013,"Baraga County, MI",77
26015,"Barry County, MI",39
26017,"Bay County, MI",55
26019,"Benzie County, MI",65
26021,"Berrien County, MI",48
26023,"Branch County, MI",45
26025,"Calhoun County, MI",49
26027,"Cass County, MI",45
26029,"Charlevoix County, MI",55
26031,"Cheboygan County, MI",100
26033,"Chippewa County, MI",76
26035,"Clare County, MI",69
26037,"Clinton County, MI",36
26039,"Crawford County, MI",69
26041,"Delta County, MI",62
26043,"Dickinson County, MI",47
26045,"Eaton County, MI",41
26047,"Emmet County, MI",65
26049,"Genesee County, MI",56
26051,"Gladwin County, MI",65
26053,"Gogebic County, MI",59
26055,"Grand Traverse County, MI",42
26057,"Gratiot County, MI",54
26059,"Hillsdale County, MI",49
26061,"Houghton County, MI",59
26063,"Huron County, MI",51
26065,"Ingham County, MI",43
26067,"Ionia County, MI",39
26069,"Iosco County, MI",73
26071,"Iron County, MI",63
26073,"Isabella County, MI",44
26075,"Jackson County, MI",46
26077,"Kalamazoo County, MI",40
26079,"Kalkaska County, MI",69
26081,"Kent County, MI",34
26083,"Keweenaw County, MI",87
26085,"Lake County, MI",81
26087,"Lapeer County, MI",55
26089,"Leelanau County, MI",47
26091,"Lenawee County, MI",47
26093,"Livingston County, MI",34
26095,"Luce County, MI",68
26097,"Mackinac County, MI",101
26099,"Macomb County, MI",44
26101,"Manistee County, MI",65
26103,"Marquette County, MI",55
26105,"Mason County, MI",57
26107,"Mecosta County, MI",57
26109,"Menominee County, MI",48
26111,"Midland County, MI",46
26113,"Missaukee County, MI",57
26115,"Monroe County, MI",47
26117,"Montcalm County, MI",49
26119,"Montmorency County, MI",104
26121,"Muskegon County, MI",53
26123,"Newaygo County, MI",49
26125,"Oakland County, MI",35
26127,"Oceana County, MI",70
26129,"Ogemaw County, MI",76
26131,"Ontonagon County, MI",87
26133,"Osceola County, MI",59
26135,"Oscoda County, MI",73
26137,"Otsego County, MI",60
26139,"Ottawa County, MI",32
26141,"Presque Isle County, MI",92
26143,"Roscommon County, MI",88
26145,"Saginaw County, MI",54
26147,"St. Clair County, MI",51
26149,"St. Joseph County, MI",42
26151,"Sanilac County, MI",58
26153,"Schoolcraft County, MI",83
26155,"Shiawassee County, MI",51
26157,"Tuscola County, MI",62
26159,"Van Buren County, MI",56
26161,"Washtenaw County, MI",35
26163,"Wayne County, MI",56
26165,"Wexford County, MI",55
27001,"Aitkin County, MN",61
27003,"Anoka County, MN",33
27005,"Becker County, MN",41
27007,"Beltrami County, MN",48
27009,"Benton County, MN",40
27011,"Big Stone County, MN",44
27013,"Blue Earth County, MN",29
27015,"Brown County, MN",37
27017,"Carlton County, MN",47
27019,"Carver County, MN",29
27021,"Cass County, MN",59
27023,"Chippewa County, MN",39
27025,"Chisago County, MN",39
27027,"Clay County, MN",32
27029,"Clearwater County, MN",87
27031,"Cook County, MN",38
27033,"Cottonwood County, MN",51
27035,"Crow Wing County, MN",44
27037,"Dakota County, MN",30
27039,"Dodge County, MN",33
27041,"Douglas County, MN",31
27043,"Faribault County, MN",41
27045,"Fillmore County, MN",35
27047,"Freeborn County, MN",36
27049,"Goodhue County, MN",32
27051,"Grant County, MN",41
27053,"Hennepin County, MN",30
27055,"Houston County, MN",34
27057,"Hubbard County, MN",55
27059,"Isanti County, MN",42
27061,"Itasca County, MN",69
27063,"Jackson County, MN",36
27065,"Kanabec County, MN",60
27067,"Kandiyohi County, MN",32
27069,"Kittson County, MN",37
27071,"Koochiching County, MN",70
27073,"Lac qui Parle County, MN",34
27075,"Lake County, MN",38
27077,"Lake of the Woods County, MN",46
27079,"Le Sueur County, MN",46
27081,"Lincoln County, MN",32
27083,"Lyon County, MN",32
27085,"McLeod County, MN",37
27087,"Mahnomen County, MN",50
27089,"Marshall County, MN",69
27091,"Martin County, MN",34
27093,"Meeker County, MN",40
27095,"Mille Lacs County, MN",55
27097,"Morrison County, MN",53
27099,"Mower County, MN",28
27101,"Murray County, MN",43
27103,"Nicollet County, MN",25
27105,"Nobles County, MN",31
27107,"Norman County, MN",46
27109,"Olmsted County, MN",27
27111,"Otter Tail County, MN",39
27113,"Pennington County, MN",56
27115,"Pine County, MN",56
27117,"Pipestone County, MN",33
27119,"Polk County, MN",41
27121,"Pope County, MN",30
27123,"Ramsey County, MN",32
27125,"Red Lake County, MN",65
27127,"Redwood County, MN",40
27129,"Renville County, MN",44
27131,"Rice County, MN",31
27133,"Rock County, MN",21
27135,"Roseau County, MN",48
27137,"St. Louis County, MN",46
27139,"Scott County, MN",29
27141,"Sherburne County, MN",37
27143,"Sibley County, MN",35
27145,"Stearns County, MN",33
27147,"Steele County, MN",33
27149,"Stevens County, MN",26
27151,"Swift County, MN",40
27153,"Todd County, MN",39
27155,"Traverse County, MN",35
27157,"Wabasha County, MN",33
27159,"Wadena County, MN",55
27161,"Waseca County, MN",38
27163,"Washington County, MN",30
27165,"Watonwan County, MN",43
27167,"Wilkin County, MN",31
27169,"Winona County, MN",31
27171,"Wright County, MN",35
27173,"Yellow Medicine County, MN",34
28001,"Adams County, MS",73
28003,"Alcorn County, MS",45
28005,"Amite County, MS",67
28007,"Attala County, MS",61
28009,"Benton County, MS",56
28011,"Bolivar County, MS",64
28013,"Calhoun County, MS",43
28015,"Carroll County, MS",57
28017,"Chickasaw County, MS",52
28019,"Choctaw County, MS",49
28021,"Claiborne County, MS",99
28023,"Clarke County, MS",61
28025,"Clay County, MS",67
28027,"Coahoma County, MS",72
28029,"Copiah County, MS",57
28031,"Covington County, MS",48
28033,"DeSoto County, MS",38
28035,"Forrest County, MS",48
28037,"Franklin County, MS",69
28039,"George County, MS",71
28041,"Greene County, MS",75
28043,"Grenada County, MS",46
28045,"Hancock County, MS",55
28047,"Harrison County, MS",49
28049,"Hinds County, MS",48
28051,"Holmes County, MS",94
28053,"Humphreys County, MS",91
28055,"Issaquena County, MS",118
28057,"Itawamba County, MS",43
28059,"Jackson County, MS",59
28061,"Jasper County, MS",65
28063,"Jefferson County, MS",149
28065,"Jefferson Davis County, MS",69
28067,"Jones County, MS",52
28069,"Kemper County, MS",79
28071,"Lafayette County, MS",42
28073,"Lamar County, MS",38
28075,"Lauderdale County, MS",54
28077,"Lawrence County, MS",66
28079,"Leake County, MS",57
28081,"Lee County, MS",41
28083,"Leflore County, MS",73
28085,"Lincoln County, MS",52
28087,"Lowndes County, MS",54
28089,"Madison County, MS",39
28091,"Marion County, MS",55
28093,"Marshall County, MS",52
28095,"Monroe County, MS",52
28097,"Montgomery County, MS",51
28099,"Neshoba County, MS",51
28101,"Newton County, MS",53
28103,"Noxubee County, MS",73
28105,"Oktibbeha County, MS",50
28107,"Panola County, MS",67
28109,"Pearl River County, MS",53
28111,"Perry County, MS",63
28113,"Pike County, MS",60
28115,"Pontotoc County, MS",39
28117,"Prentiss County, MS",46
28119,"Quitman County, MS",88
28121,"Rankin County, MS",36
28123,"Scott County, MS",40
28125,"Sharkey County, MS",76
28127,"Simpson County, MS",49
28129,"Smith County, MS",48
28131,"Stone County, MS",61
28133,"Sunflower County, MS",83
28135,"Tallahatchie County, MS",53
28137,"Tate County, MS",51
28139,"Tippah County, MS",45
28141,"Tishomingo County, MS",50
28143,"Tunica County, MS",59
28145,"Union County, MS",36
28147,"Walthall County, MS",69
28149,"Warren County, MS",57
28151,"Washington County, MS",74
28153,"Wayne County, MS",63
28155,"Webster County, MS",53
28157,"Wilkinson County, MS",89
28159,"Winston County, MS",60
28161,"Yalobusha County, MS",55
28163,"Yazoo County, MS",61
29001,"Adair County, MO",43
29003,"Andrew County, MO",32
29005,"Atchison County, MO",35
29007,"Audrain County, MO",35
29009,"Barry County, MO",33
29011,"Barton County, MO",42
29013,"Bates County, MO",45
29015,"Benton County, MO",51
29017,"Bollinger County, MO",44
29019,"Boone County, MO",26
29021,"Buchanan County, MO",36
29023,"Butler County, MO",45
29025,"Caldwell County, MO",41
29027,"Callaway County, MO",35
29029,"Camden County, MO",48
29031,"Cape Girardeau County, MO",35
29033,"Carroll County, MO",40
29035,"Carter County, MO",58
29037,"Cass County, MO",35
29039,"Cedar County, MO",41
29041,"Chariton County, MO",35
29043,"Christian County, MO",31
29045,"Clark County, MO",56
29047,"Clay County, MO",36
29049,"Clinton County, MO",40
29051,"Cole County, MO",29
29053,"Cooper County, MO",36
29055,"Crawford County, MO",46
29057,"Dade County, MO",34
29059,"Dallas County, MO",47
29061,"Daviess County, MO",33
29063,"DeKalb County, MO",39
29065,"Dent County, MO",42
29067,"Douglas County, MO",46
29069,"Dunklin County, MO",65
29071,"Franklin County, MO",36
29073,"Gasconade County, MO",38
29075,"Gentry County, MO",28
29077,"Greene County, MO",31
29079,"Grundy County, MO",36
29081,"Harrison County, MO",35
29083,"Henry County, MO",41
29085,"Hickory County, MO",45
29087,"Holt County, MO",29
29089,"Howard County, MO",38
29091,"Howell County, MO",47
29093,"Iron County, MO",64
29095,"Jackson County, MO",44
29097,"Jasper County, MO",34
29099,"Jefferson County, MO",36
29101,"Johnson County, MO",44
29103,"Knox County, MO",32
29105,"Laclede County, MO",48
29107,"Lafayette County, MO",38
29109,"Lawrence County, MO",35
29111,"Lewis County, MO",34
29113,"Lincoln County, MO",36
29115,"Linn County, MO",58
29117,"Livingston County, MO",29
29119,"McDonald County, MO",37
29121,"Macon County, MO",36
29123,"Madison County, MO",45
29125,"Maries County, MO",43
29127,"Marion County, MO",36
29129,"Mercer County, MO",37
29131,"Miller County, MO",44
29133,"Mississippi County, MO",50
29135,"Moniteau County, MO",36
29137,"Monroe County, MO",43
29139,"Montgomery County, MO",33
29141,"Morgan County, MO",49
29143,"New Madrid County, MO",66
29145,"Newton County, MO",36
29147,"Nodaway County, MO",36
29149,"Oregon County, MO",46
29151,"Osage County, MO",30
29153,"Ozark County, MO",58
29155,"Pemiscot County, MO",74
29157,"Perry County, MO",27
29159,"Pettis County, MO",42
29161,"Phelps County, MO",37
29163,"Pike County, MO",34
29165,"Platte County, MO",32
29167,"Polk County, MO",40
29169,"Pulaski County, MO",43
29171,"Putnam County, MO",38
29173,"Ralls County, MO",31
29175,"Randolph County, MO",45
29177,"Ray County, MO",48
29179,"Reynolds County, MO",39
29181,"Ripley County, MO",55
29183,"St. Charles County, MO",29
29185,"St. Clair County, MO",51
29186,"Ste Genevieve County, MO",36
29187,"St. Francois County, MO",44
29189,"St. Louis County, MO",34
29195,"Saline County, MO",36
29197,"Schuyler County, MO",48
29199,"Scotland County, MO",31
29201,"Scott County, MO",44
29203,"Shannon County, MO",61
29205,"Shelby County, MO",34
29207,"Stoddard County, MO",50
29209,"Stone County, MO",55
29211,"Sullivan County, MO",40
29213,"Taney County, MO",60
29215,"Texas County, MO",49
29217,"Vernon County, MO",38
29219,"Warren County, MO",32
29221,"Washington County, MO",54
29223,"Wayne County, MO",51
29225,"Webster County, MO",39
29227,"Worth County, MO",25
29229,"Wright County, MO",50
29510,"St. Louis city, MO",44
30001,"Beaverhead County, MT",31
30003,"Big Horn County, MT",132
30005,"Blaine County, MT",40
30007,"Broadwater County, MT",46
30009,"Carbon County, MT",35
30011,"Carter County, MT",24
30013,"Cascade County, MT",37
30015,"Chouteau County, MT",32
30017,"Custer County, MT",31
30019,"Daniels County, MT",22
30021,"Dawson County, MT",30
30023,"Deer Lodge County, MT",35
30025,"Fallon County, MT",26
30027,"Fergus County, MT",39
30029,"Flathead County, MT",51
30031,"Gallatin County, MT",27
30033,"Garfield County, MT",28
30035,"Glacier County, MT",78
30037,"Golden Valley County, MT",51
30039,"Granite County, MT",58
30041,"Hill County, MT",37
30043,"Jefferson County, MT",42
30045,"Judith Basin County, MT",36
30047,"Lake County, MT",44
30049,"Lewis and Clark County, MT",34
30051,"Liberty County, MT",30
30053,"Lincoln County, MT",83
30055,"McCone County, MT",21
30057,"Madison County, MT",38
30059,"Meagher County, MT",43
30061,"Mineral County, MT",74
30063,"Missoula County, MT",35
30065,"Musselshell County, MT",43
30067,"Park County, MT",38
30069,"Petroleum County, MT",41
30071,"Phillips County, MT",44
30073,"Pondera County, MT",38
30075,"Powder River County, MT",25
30077,"Powell County, MT",43
30079,"Prairie County, MT",37
30081,"Ravalli County, MT",46
30083,"Richland County, MT",37
30085,"Roosevelt County, MT",46
30087,"Rosebud County, MT",50
30089,"Sanders County, MT",68
30091,"Sheridan County, MT",26
30093,"Silver Bow County, MT",41
30095,"Stillwater County, MT",38
30097,"Sweet Grass County, MT",31
30099,"Teton County, MT",39
30101,"Toole County, MT",30
30103,"Treasure County, MT",38
30105,"Valley County, MT",32
30107,"Wheatland County, MT",43
30109,"Wibaux County, MT",31
30111,"Yellowstone County, MT",34
31001,"Adams County, NE",30
31003,"Antelope County, NE",24
31005,"Arthur County, NE",55
31007,"Banner County, NE",36
31009,"Blaine County, NE",42
31011,"Boone County, NE",24
31013,"Box Butte County, NE",32
31015,"Boyd County, NE",32
31017,"Brown County, NE",31
31019,"Buffalo County, NE",24
31021,"Burt County, NE",36
31023,"Butler County, NE",28
31025,"Cass County, NE",31
31027,"Cedar County, NE",22
31029,"Chase County, NE",18
31031,"Cherry County, NE",23
31033,"Cheyenne County, NE",28
31035,"Clay County, NE",31
31037,"Colfax County, NE",24
31039,"Cuming County, NE",27
31041,"Custer County, NE",21
31043,"Dakota County, NE",40
31045,"Dawes County, NE",27
31047,"Dawson County, NE",28
31049,"Deuel County, NE",25
31051,"Dixon County, NE",31
31053,"Dodge County, NE",28
31055,"Douglas County, NE",31
31057,"Dundy County, NE",23
31059,"Fillmore County, NE",25
31061,"Franklin County, NE",29
31063,"Frontier County, NE",25
31065,"Furnas County, NE",24
31067,"Gage County, NE",34
31069,"Garden County, NE",28
31071,"Garfield County, NE",25
31073,"Gosper County, NE",26
31075,"Grant County, NE",23
31077,"Greeley County, NE",30
31079,"Hall County, NE",34
31081,"Hamilton County, NE",25
31083,"Harlan County, NE",25
31085,"Hayes County, NE",23
31087,"Hitchcock County, NE",33
31089,"Holt County, NE",24
31091,"Hooker County, NE",36
31093,"Howard County, NE",30
31095,"Jefferson County, NE",24
31097,"Johnson County, NE",33
31099,"Kearney County, NE",22
31101,"Keith County, NE",30
31103,"Keya Paha County, NE",25
31105,"Kimball County, NE",28
31107,"Knox County, NE",34
31109,"Lancaster County, NE",26
31111,"Lincoln County, NE",30
31113,"Logan County, NE",28
31115,"Loup County, NE",30
31117,"McPherson County, NE",22
31119,"Madison County, NE",26
31121,"Merrick County, NE",27
31123,"Morrill County, NE",29
31125,"Nance County, NE",24
31127,"Nemaha County, NE",38
31129,"Nuckolls County, NE",26
31131,"Otoe County, NE",33
31133,"Pawnee County, NE",30
31135,"Perkins County, NE",19
31137,"Phelps County, NE",23
31139,"Pierce County, NE",27
31141,"Platte County, NE",29
31143,"Polk County, NE",23
31145,"Red Willow County, NE",25
31147,"Richardson County, NE",32
31149,"Rock County, NE",25
31151,"Saline County, NE",30
31153,"Sarpy County, NE",27
31155,"Saunders County, NE",27
31157,"Scotts Bluff County, NE",34
31159,"Seward County, NE",26
31161,"Sheridan County, NE",26
31163,"Sherman County, NE",28
31165,"Sioux County, NE",29
31167,"Stanton County, NE",28
31169,"Thayer County, NE",22
31171,"Thomas County, NE",32
31173,"Thurston County, NE",49
31175,"Valley County, NE",26
31177,"Washington County, NE",30
31179,"Wayne County, NE",24
31181,"Webster County, NE",29
31183,"Wheeler County, NE",22
31185,"York County, NE",25
32001,"Churchill County, NV",43
32003,"Clark County, NV",53
32005,"Douglas County, NV",48
32007,"Elko County, NV",37
32009,"Esmeralda County, NV",40
32011,"Eureka County, NV",30
32013,"Humboldt County, NV",41
32015,"Lander County, NV",45
32017,"Lincoln County, NV",47
32019,"Lyon County, NV",59
32021,"Mineral County, NV",56
32023,"Nye County, NV",64
32027,"Pershing County, NV",45
32029,"Storey County, NV",51
32031,"Washoe County, NV",42
32033,"White Pine County, NV",40
32510,"Carson City, NV",51
33001,"Belknap County, NH",27
33003,"Carroll County, NH",27
33005,"Cheshire County, NH",26
33007,"Coos County, NH",35
33009,"Grafton County, NH",22
33011,"Hillsborough County, NH",29
33013,"Merrimack County, NH",24
33015,"Rockingham County, NH",29
33017,"Strafford County, NH",24
33019,"Sullivan County, NH",22
34001,"Atlantic County, NJ",72
34003,"Bergen County, NJ",39
34005,"Burlington County, NJ",41
34007,"Camden County, NJ",51
34009,"Cape May County, NJ",92
34011,"Cumberland County, NJ",70
34013,"Essex County, NJ",57
34015,"Gloucester County, NJ",47
34017,"Hudson County, NJ",44
34019,"Hunterdon County, NJ",35
34021,"Mercer County, NJ",41
34023,"Middlesex County, NJ",41
34025,"Monmouth County, NJ",41
34027,"Morris County, NJ",36
34029,"Ocean County, NJ",48
34031,"Passaic County, NJ",57
34033,"Salem County, NJ",62
34035,"Somerset County, NJ",38
34037,"Sussex County, NJ",44
34039,"Union County, NJ",48
34041,"Warren County, NJ",42
35001,"Bernalillo County, NM",52
35003,"Catron County, NM",66
35005,"Chaves County, NM",61
35006,"Cibola County, NM",74
35007,"Colfax County, NM",57
35009,"Curry County, NM",46
35011,"De Baca County, NM",44
35013,"Dona Ana County, NM",65
35015,"Eddy County, NM",50
35017,"Grant County, NM",58
35019,"Guadalupe County, NM",63
35021,"Harding County, NM",60
35023,"Hidalgo County, NM",49
35025,"Lea County, NM",63
35027,"Lincoln County, NM",53
35028,"Los Alamos County, NM",37
35029,"Luna County, NM",134
35031,"McKinley County, NM",82
35033,"Mora County, NM",76
35035,"Otero County, NM",58
35037,"Quay County, NM",59
35039,"Rio Arriba County, NM",61
35041,"Roosevelt County, NM",50
35043,"Sandoval County, NM",59
35045,"San Juan County, NM",72
35047,"San Miguel County, NM",71
35049,"Santa Fe County, NM",49
35051,"Sierra County, NM",74
35053,"Socorro County, NM",61
35055,"Taos County, NM",76
35057,"Torrance County, NM",82
35059,"Union County, NM",36
35061,"Valencia County, NM",63
36001,"Albany County, NY",42
36003,"Allegany County, NY",66
36005,"Bronx County, NY",63
36007,"Broome County, NY",56
36009,"Cattaraugus County, NY",62
36011,"Cayuga County, NY",50
36013,"Chautauqua County, NY",60
36015,"Chemung County, NY",55
36017,"Chenango County, NY",53
36019,"Clinton County, NY",53
36021,"Columbia County, NY",38
36023,"Cortland County, NY",58
36025,"Delaware County, NY",55
36027,"Dutchess County, NY",43
36029,"Erie County, NY",51
36031,"Essex County, NY",55
36033,"Franklin County, NY",60
36035,"Fulton County, NY",58
36037,"Genesee County, NY",48
36039,"Greene County, NY",52
36041,"Hamilton County, NY",74
36043,"Herkimer County, NY",57
36045,"Jefferson County, NY",65
36047,"Kings County, NY",47
36049,"Lewis County, NY",66
36051,"Livingston County, NY",50
36053,"Madison County, NY",55
36055,"Monroe County, NY",49
36057,"Montgomery County, NY",57
36059,"Nassau County, NY",41
36061,"New York County, NY",41
36063,"Niagara County, NY",62
36065,"Oneida County, NY",50
36067,"Onondaga County, NY",47
36069,"Ontario County, NY",45
36071,"Orange County, NY",45
36073,"Orleans County, NY",59
36075,"Oswego County, NY",65
36077,"Otsego County, NY",50
36079,"Putnam County, NY",42
36081,"Queens County, NY",40
36083,"Rensselaer County, NY",44
36085,"Richmond County, NY",47
36087,"Rockland County, NY",43
36089,"St. Lawrence County, NY",67
36091,"Saratoga County, NY",40
36093,"Schenectady County, NY",45
36095,"Schoharie County, NY",55
36097,"Schuyler County, NY",58
36099,"Seneca County, NY",45
36101,"Steuben County, NY",57
36103,"Suffolk County, NY",45
36105,"Sullivan County, NY",49
36107,"Tioga County, NY",51
36109,"Tompkins County, NY",43
36111,"Ulster County, NY",45
36113,"Warren County, NY",53
36115,"Washington County, NY",46
36117,"Wayne County, NY",50
36119,"Westchester County, NY",45
36121,"Wyoming County, NY",56
36123,"Yates County, NY",44
37001,"Alamance County, NC",42
37003,"Alexander County, NC",36
37005,"Alleghany County, NC",50
37007,"Anson County, NC",51
37009,"Ashe County, NC",41
37011,"Avery County, NC",43
37013,"Beaufort County, NC",50
37015,"Bertie County, NC",59
37017,"Bladen County, NC",58
37019,"Brunswick County, NC",56
37021,"Buncombe County, NC",34
37023,"Burke County, NC",42
37025,"Cabarrus County, NC",41
37027,"Caldwell County, NC",44
37029,"Camden County, NC",43
37031,"Carteret County, NC",44
37033,"Caswell County, NC",47
37035,"Catawba County, NC",41
37037,"Chatham County, NC",38
37039,"Cherokee County, NC",49
37041,"Chowan County, NC",52
37043,"Clay County, NC",49
37045,"Cleveland County, NC",46
37047,"Columbus County, NC",54
37049,"Craven County, NC",46
37051,"Cumberland County, NC",57
37053,"Currituck County, NC",43
37055,"Dare County, NC",59
37057,"Davidson County, NC",43
37059,"Davie County, NC",39
37061,"Duplin County, NC",48
37063,"Durham County, NC",40
37065,"Edgecombe County, NC",76
37067,"Forsyth County, NC",43
37069,"Franklin County, NC",46
37071,"Gaston County, NC",46
37073,"Gates County, NC",44
37075,"Graham County, NC",68
37077,"Granville County, NC",38
37079,"Greene County, NC",44
37081,"Guilford County, NC",47
37083,"Halifax County, NC",72
37085,"Harnett County, NC",51
37087,"Haywood County, NC",40
37089,"Henderson County, NC",38
37091,"Hertford County, NC",57
37093,"Hoke County, NC",57
37095,"Hyde County, NC",84
37097,"Iredell County, NC",42
37099,"Jackson County, NC",47
37101,"Johnston County, NC",41
37103,"Jones County, NC",44
37105,"Lee County, NC",51
37107,"Lenoir County, NC",44
37109,"Lincoln County, NC",40
37111,"McDowell County, NC",40
37113,"Macon County, NC",46
37115,"Madison County, NC",42
37117,"Martin County, NC",56
37119,"Mecklenburg County, NC",43
37121,"Mitchell County, NC",52
37123,"Montgomery County, NC",45
37125,"Moore County, NC",44
37127,"Nash County, NC",60
37129,"New Hanover County, NC",41
37131,"Northampton County, NC",62
37133,"Onslow County, NC",52
37135,"Orange County, NC",37
37137,"Pamlico County, NC",46
37139,"Pasquotank County, NC",55
37141,"Pender County, NC",46
37143,"Perquimans County, NC",56
37145,"Person County, NC",46
37147,"Pitt County, NC",48
37149,"Polk County, NC",41
37151,"Randolph County, NC",43
37153,"Richmond County, NC",60
37155,"Robeson County, NC",65
37157,"Rockingham County, NC",51
37159,"Rowan County, NC",47
37161,"Rutherford County, NC",60
37163,"Sampson County, NC",47
37165,"Scotland County, NC",76
37167,"Stanly County, NC",41
37169,"Stokes County, NC",42
37171,"Surry County, NC",41
37173,"Swain County, NC",50
37175,"Transylvania County, NC",43
37177,"Tyrrell County, NC",76
37179,"Union County, NC",40
37181,"Vance County, NC",62
37183,"Wake County, NC",39
37185,"Warren County, NC",68
37187,"Washington County, NC",65
37189,"Watauga County, NC",40
37191,"Wayne County, NC",50
37193,"Wilkes County, NC",42
37195,"Wilson County, NC",72
37197,"Yadkin County, NC",39
37199,"Yancey County, NC",45
38001,"Adams County, ND",25
38003,"Barnes County, ND",28
38005,"Benson County, ND",36
38007,"Billings County, ND",30
38009,"Bottineau County, ND",33
38011,"Bowman County, ND",18
38013,"Burke County, ND",31
38015,"Burleigh County, ND",25
38017,"Cass County, ND",21
38019,"Cavalier County, ND",27
38021,"Dickey County, ND",18
38023,"Divide County, ND",16
38025,"Dunn County, ND",22
38027,"Eddy County, ND",47
38029,"Emmons County, ND",40
38031,"Foster County, ND",25
38033,"Golden Valley County, ND",20
38035,"Grand Forks County, ND",22
38037,"Grant County, ND",30
38039,"Griggs County, ND",29
38041,"Hettinger County, ND",20
38043,"Kidder County, ND",36
38045,"LaMoure County, ND",19
38047,"Logan County, ND",26
38049,"McHenry County, ND",43
38051,"McIntosh County, ND",26
38053,"McKenzie County, ND",25
38055,"McLean County, ND",32
38057,"Mercer County, ND",41
38059,"Morton County, ND",31
38061,"Mountrail County, ND",21
38063,"Nelson County, ND",31
38065,"Oliver County, ND",42
38067,"Pembina County, ND",42
38069,"Pierce County, ND",32
38071,"Ramsey County, ND",27
38073,"Ransom County, ND",20
38075,"Renville County, ND",26
38077,"Richland County, ND",24
38079,"Rolette County, ND",105
38081,"Sargent County, ND",21
38083,"Sheridan County, ND",45
38085,"Sioux County, ND",38
38087,"Slope County, ND",21
38089,"Stark County, ND",27
38091,"Steele County, ND",17
38093,"Stutsman County, ND",24
38095,"Towner County, ND",26
38097,"Traill County, ND",25
38099,"Walsh County, ND",34
38101,"Ward County, ND",33
38103,"Wells County, ND",33
38105,"Williams County, ND",25
39001,"Adams County, OH",71
39003,"Allen County, OH",50
39005,"Ashland County, OH",49
39007,"Ashtabula County, OH",59
39009,"Athens County, OH",60
39011,"Auglaize County, OH",37
39013,"Belmont County, OH",63
39015,"Brown County, OH",57
39017,"Butler County, OH",44
39019,"Carroll County, OH",58
39021,"Champaign County, OH",41
39023,"Clark County, OH",48
39025,"Clermont County, OH",44
39027,"Clinton County, OH",55
39029,"Columbiana County, OH",59
39031,"Coshocton County, OH",68
39033,"Crawford County, OH",57
39035,"Cuyahoga County, OH",58
39037,"Darke County, OH",42
39039,"Defiance County, OH",48
39041,"Delaware County, OH",35
39043,"Erie County, OH",61
39045,"Fairfield County, OH",43
39047,"Fayette County, OH",42
39049,"Franklin County, OH",40
39051,"Fulton County, OH",49
39053,"Gallia County, OH",66
39055,"Geauga County, OH",47
39057,"Greene County, OH",42
39059,"Guernsey County, OH",60
39061,"Hamilton County, OH",44
39063,"Hancock County, OH",36
39065,"Hardin County, OH",49
39067,"Harrison County, OH",60
39069,"Henry County, OH",52
39071,"Highland County, OH",59
39073,"Hocking County, OH",54
39075,"Holmes County, OH",35
39077,"Huron County, OH",64
39079,"Jackson County, OH",71
39081,"Jefferson County, OH",73
39083,"Knox County, OH",45
39085,"Lake County, OH",51
39087,"Lawrence County, OH",59
39089,"Licking County, OH",42
39091,"Logan County, OH",41
39093,"Lorain County, OH",61
39095,"Lucas County, OH",59
39097,"Madison County, OH",39
39099,"Mahoning County, OH",68
39101,"Marion County, OH",50
39103,"Medina County, OH",47
39105,"Meigs County, OH",81
39107,"Mercer County, OH",31
39109,"Miami County, OH",42
39111,"Monroe County, OH",83
39113,"Montgomery County, OH",49
39115,"Morgan County, OH",67
39117,"Morrow County, OH",49
39119,"Muskingum County, OH",56
39121,"Noble County, OH",72
39123,"Ottawa County, OH",67
39125,"Paulding County, OH",44
39127,"Perry County, OH",60
39129,"Pickaway County, OH",46
39131,"Pike County, OH",69
39133,"Portage County, OH",50
39135,"Preble County, OH",44
39137,"Putnam County, OH",35
39139,"Richland County, OH",54
39141,"Ross County, OH",51
39143,"Sandusky County, OH",47
39145,"Scioto County, OH",70
39147,"Seneca County, OH",47
39149,"Shelby County, OH",41
39151,"Stark County, OH",52
39153,"Summit County, OH",50
39155,"Trumbull County, OH",72
39157,"Tuscarawas County, OH",50
39159,"Union County, OH",37
39161,"Van Wert County, OH",39
39163,"Vinton County, OH",68
39165,"Warren County, OH",41
39167,"Washington County, OH",62
39169,"Wayne County, OH",39
39171,"Williams County, OH",44
39173,"Wood County, OH",44
39175,"Wyandot County, OH",37
40001,"Adair County, OK",50
40003,"Alfalfa County, OK",26
40005,"Atoka County, OK",53
40007,"Beaver County, OK",26
40009,"Beckham County, OK",38
40011,"Blaine County, OK",28
40013,"Bryan County, OK",38
40015,"Caddo County, OK",44
40017,"Canadian County, OK",35
40019,"Carter County, OK",45
40021,"Cherokee County, OK",54
40023,"Choctaw County, OK",61
40025,"Cimarron County, OK",23
40027,"Cleveland County, OK",35
40029,"Coal County, OK",54
40031,"Comanche County, OK",44
40033,"Cotton County, OK",40
40035,"Craig County, OK",43
40037,"Creek County, OK",50
40039,"Custer County, OK",32
40041,"Delaware County, OK",44
40043,"Dewey County, OK",29
40045,"Ellis County, OK",32
40047,"Garfield County, OK",39
40049,"Garvin County, OK",42
40051,"Grady County, OK",40
40053,"Grant County, OK",26
40055,"Greer County, OK",52
40057,"Harmon County, OK",38
40059,"Harper County, OK",30
40061,"Haskell County, OK",66
40063,"Hughes County, OK",55
40065,"Jackson County, OK",38
40067,"Jefferson County, OK",55
40069,"Johnston County, OK",39
40071,"Kay County, OK",54
40073,"Kingfisher County, OK",28
40075,"Kiowa County, OK",53
40077,"Latimer County, OK",74
40079,"Le Flore County, OK",58
40081,"Lincoln County, OK",43
40083,"Logan County, OK",37
40085,"Love County, OK",30
40087,"McClain County, OK",35
40089,"McCurtain County, OK",63
40091,"McIntosh County, OK",77
40093,"Major County, OK",32
40095,"Marshall County, OK",46
40097,"Mayes County, OK",47
40099,"Murray County, OK",37
40101,"Muskogee County, OK",51
40103,"Noble County, OK",33
40105,"Nowata County, OK",54
40107,"Okfuskee County, OK",60
40109,"Oklahoma County, OK",40
40111,"Okmulgee County, OK",63
40113,"Osage County, OK",51
40115,"Ottawa County, OK",43
40117,"Pawnee County, OK",53
40119,"Payne County, OK",36
40121,"Pittsburg County, OK",52
40123,"Pontotoc County, OK",38
40125,"Pottawatomie County, OK",41
40127,"Pushmataha County, OK",62
40129,"Roger Mills County, OK",32
40131,"Rogers County, OK",44
40133,"Seminole County, OK",57
40135,"Sequoyah County, OK",54
40137,"Stephens County, OK",62
40139,"Texas County, OK",31
40141,"Tillman County, OK",42
40143,"Tulsa County, OK",43
40145,"Wagoner County, OK",44
40147,"Washington County, OK",45
40149,"Washita County, OK",44
40151,"Woods County, OK",26
40153,"Woodward County, OK",41
41001,"Baker County, OR",55
41003,"Benton County, OR",32
41005,"Clackamas County, OR",37
41007,"Clatsop County, OR",41
41009,"Columbia County, OR",51
41011,"Coos County, OR",55
41013,"Crook County, OR",63
41015,"Curry County, OR",61
41017,"Deschutes County, OR",42
41019,"Douglas County, OR",53
41021,"Gilliam County, OR",42
41023,"Grant County, OR",69
41025,"Harney County, OR",63
41027,"Hood River County, OR",36
41029,"Jackson County, OR",47
41031,"Jefferson County, OR",56
41033,"Josephine County, OR",54
41035,"Klamath County, OR",59
41037,"Lake County, OR",57
41039,"Lane County, OR",44
41041,"Lincoln County, OR",48
41043,"Linn County, OR",47
41045,"Malheur County, OR",46
41047,"Marion County, OR",43
41049,"Morrow County, OR",44
41051,"Multnomah County, OR",36
41053,"Polk County, OR",43
41055,"Sherman County, OR",47
41057,"Tillamook County, OR",42
41059,"Umatilla County, OR",48
41061,"Union County, OR",53
41063,"Wallowa County, OR",57
41065,"Wasco County, OR",42
41067,"Washington County, OR",35
41069,"Wheeler County, OR",40
41071,"Yamhill County, OR",38
42001,"Adams County, PA",37
42003,"Allegheny County, PA",47
42005,"Armstrong County, PA",61
42007,"Beaver County, PA",55
42009,"Bedford County, PA",52
42011,"Berks County, PA",46
42013,"Blair County, PA",48
42015,"Bradford County, PA",51
42017,"Bucks County, PA",42
42019,"Butler County, PA",46
42021,"Cambria County, PA",60
42023,"Cameron County, PA",68
42025,"Carbon County, PA",55
42027,"Centre County, PA",37
42029,"Chester County, PA",36
42031,"Clarion County, PA",56
42033,"Clearfield County, PA",59
42035,"Clinton County, PA",61
42037,"Columbia County, PA",52
42039,"Crawford County, PA",55
42041,"Cumberland County, PA",38
42043,"Dauphin County, PA",45
42045,"Delaware County, PA",45
42047,"Elk County, PA",48
42049,"Erie County, PA",57
42051,"Fayette County, PA",69
42053,"Forest County, PA",67
42055,"Franklin County, PA",44
42057,"Fulton County, PA",51
42059,"Greene County, PA",59
42061,"Huntingdon County, PA",60
42063,"Indiana County, PA",58
42065,"Jefferson County, PA",56
42067,"Juniata County, PA",46
42069,"Lackawanna County, PA",51
42071,"Lancaster County, PA",38
42073,"Lawrence County, PA",60
42075,"Lebanon County, PA",41
42077,"Lehigh County, PA",50
42079,"Luzerne County, PA",59
42081,"Lycoming County, PA",56
42083,"McKean County, PA",61
42085,"Mercer County, PA",54
42087,"Mifflin County, PA",53
42089,"Monroe County, PA",58
42091,"Montgomery County, PA",38
42093,"Montour County, PA",38
42095,"Northampton County, PA",49
42097,"Northumberland County, PA",56
42099,"Perry County, PA",43
42101,"Philadelphia County/city, PA",62
42103,"Pike County, PA",59
42105,"Potter County, PA",65
42107,"Schuylkill County, PA",58
42109,"Snyder County, PA",44
42111,"Somerset County, PA",60
42113,"Sullivan County, PA",60
42115,"Susquehanna County, PA",47
42117,"Tioga County, PA",59
42119,"Union County, PA",43
42121,"Venango County, PA",61
42123,"Warren County, PA",53
42125,"Washington County, PA",52
42127,"Wayne County, PA",51
42129,"Westmoreland County, PA",52
42131,"Wyoming County, PA",53
42133,"York County, PA",43
44001,"Bristol County, RI",38
44003,"Kent County, RI",41
44005,"Newport County, RI",39
44007,"Providence County, RI",47
44009,"Washington County, RI",40
45001,"Abbeville County, SC",46
45003,"Aiken County, SC",41
45005,"Allendale County, SC",69
45007,"Anderson County, SC",39
45009,"Bamberg County, SC",75
45011,"Barnwell County, SC",60
45013,"Beaufort County, SC",41
45015,"Berkeley County, SC",38
45017,"Calhoun County, SC",52
45019,"Charleston County, SC",35
45021,"Cherokee County, SC",50
45023,"Chester County, SC",61
45025,"Chesterfield County, SC",43
45027,"Clarendon County, SC",60
45029,"Colleton County, SC",48
45031,"Darlington County, SC",53
45033,"Dillon County, SC",57
45035,"Dorchester County, SC",39
45037,"Edgefield County, SC",46
45039,"Fairfield County, SC",74
45041,"Florence County, SC",45
45043,"Georgetown County, SC",56
45045,"Greenville County, SC",37
45047,"Greenwood County, SC",45
45049,"Hampton County, SC",44
45051,"Horry County, SC",50
45053,"Jasper County, SC",37
45055,"Kershaw County, SC",45
45057,"Lancaster County, SC",47
45059,"Laurens County, SC",44
45061,"Lee County, SC",60
45063,"Lexington County, SC",36
45065,"McCormick County, SC",45
45067,"Marion County, SC",74
45069,"Marlboro County, SC",65
45071,"Newberry County, SC",42
45073,"Oconee County, SC",44
45075,"Orangeburg County, SC",72
45077,"Pickens County, SC",41
45079,"Richland County, SC",43
45081,"Saluda County, SC",39
45083,"Spartanburg County, SC",40
45085,"Sumter County, SC",52
45087,"Union County, SC",54
45089,"Williamsburg County, SC",64
45091,"York County, SC",40
46003,"Aurora County, SD",28
46005,"Beadle County, SD",27
46007,"Bennett County, SD",42
46009,"Bon Homme County, SD",28
46011,"Brookings County, SD",30
46013,"Brown County, SD",29
46015,"Brule County, SD",29
46017,"Buffalo County, SD",72
46019,"Butte County, SD",34
46021,"Campbell County, SD",32
46023,"Charles Mix County, SD",35
46025,"Clark County, SD",44
46027,"Clay County, SD",32
46029,"Codington County, SD",32
46031,"Corson County, SD",40
46033,"Custer County, SD",41
46035,"Davison County, SD",28
46037,"Day County, SD",39
46039,"Deuel County, SD",47
46041,"Dewey County, SD",98
46043,"Douglas County, SD",29
46045,"Edmunds County, SD",27
46047,"Fall River County, SD",39
46049,"Faulk County, SD",30
46051,"Grant County, SD",34
46053,"Gregory County, SD",34
46055,"Haakon County, SD",27
46057,"Hamlin County, SD",35
46059,"Hand County, SD",24
46061,"Hanson County, SD",40
46063,"Harding County, SD",29
46065,"Hughes County, SD",27
46067,"Hutchinson County, SD",30
46069,"Hyde County, SD",31
46071,"Jackson County, SD",54
46073,"Jerauld County, SD",24
46075,"Jones County, SD",29
46077,"Kingsbury County, SD",31
46079,"Lake County, SD",37
46081,"Lawrence County, SD",32
46083,"Lincoln County, SD",24
46085,"Lyman County, SD",49
46087,"McCook County, SD",27
46089,"McPherson County, SD",33
46091,"Marshall County, SD",43
46093,"Meade County, SD",33
46095,"Mellette County, SD",47
46097,"Miner County, SD",28
46099,"Minnehaha County, SD",27
46101,"Moody County, SD",36
46102,"Oglala Lakota County, SD",112
46103,"Pennington County, SD",33
46105,"Perkins County, SD",28
46107,"Potter County, SD",32
46109,"Roberts County, SD",46
46111,"Sanborn County, SD",34
46115,"Spink County, SD",33
46117,"Stanley County, SD",32
46119,"Sully County, SD",31
46121,"Todd County, SD",64
46123,"Tripp County, SD",27
46125,"Turner County, SD",31
46127,"Union County, SD",35
46129,"Walworth County, SD",49
46135,"Yankton County, SD",28
46137,"Ziebach County, SD",51
47001,"Anderson County, TN",40
47003,"Bedford County, TN",40
47005,"Benton County, TN",54
47007,"Bledsoe County, TN",59
47009,"Blount County, TN",35
47011,"Bradley County, TN",37
47013,"Campbell County, TN",52
47015,"Cannon County, TN",36
47017,"Carroll County, TN",52
47019,"Carter County, TN",46
47021,"Cheatham County, TN",31
47023,"Chester County, TN",40
47025,"Claiborne County, TN",47
47027,"Clay County, TN",51
47029,"Cocke County, TN",53
47031,"Coffee County, TN",37
47033,"Crockett County, TN",42
47035,"Cumberland County, TN",47
47037,"Davidson County, TN",28
47039,"Decatur County, TN",52
47041,"DeKalb County, TN",48
47043,"Dickson County, TN",34
47045,"Dyer County, TN",49
47047,"Fayette County, TN",40
47049,"Fentress County, TN",46
47051,"Franklin County, TN",38
47053,"Gibson County, TN",46
47055,"Giles County, TN",34
47057,"Grainger County, TN",43
47059,"Greene County, TN",46
47061,"Grundy County, TN",50
47063,"Hamblen County, TN",41
47065,"Hamilton County, TN",37
47067,"Hancock County, TN",58
47069,"Hardeman County, TN",52
47071,"Hardin County, TN",47
47073,"Hawkins County, TN",43
47075,"Haywood County, TN",53
47077,"Henderson County, TN",52
47079,"Henry County, TN",46
47081,"Hickman County, TN",35
47083,"Houston County, TN",59
47085,"Humphreys County, TN",44
47087,"Jackson County, TN",54
47089,"Jefferson County, TN",41
47091,"Johnson County, TN",39
47093,"Knox County, TN",32
47095,"Lake County, TN",56
47097,"Lauderdale County, TN",58
47099,"Lawrence County, TN",44
47101,"Lewis County, TN",46
47103,"Lincoln County, TN",33
47105,"Loudon County, TN",37
47107,"McMinn County, TN",44
47109,"McNairy County, TN",57
47111,"Macon County, TN",35
47113,"Madison County, TN",40
47115,"Marion County, TN",49
47117,"Marshall County, TN",35
47119,"Maury County, TN",33
47121,"Meigs County, TN",53
47123,"Monroe County, TN",40
47125,"Montgomery County, TN",41
47127,"Moore County, TN",31
47129,"Morgan County, TN",49
47131,"Obion County, TN",55
47133,"Overton County, TN",42
47135,"Perry County, TN",49
47137,"Pickett County, TN",44
47139,"Polk County, TN",46
47141,"Putnam County, TN",38
47143,"Rhea County, TN",65
47145,"Roane County, TN",44
47147,"Robertson County, TN",34
47149,"Rutherford County, TN",29
47151,"Scott County, TN",51
47153,"Sequatchie County, TN",51
47155,"Sevier County, TN",40
47157,"Shelby County, TN",44
47159,"Smith County, TN",36
47161,"Stewart County, TN",54
47163,"Sullivan County, TN",41
47165,"Sumner County, TN",30
47167,"Tipton County, TN",45
47169,"Trousdale County, TN",35
47171,"Unicoi County, TN",54
47173,"Union County, TN",44
47175,"Van Buren County, TN",43
47177,"Warren County, TN",40
47179,"Washington County, TN",38
47181,"Wayne County, TN",53
47183,"Weakley County, TN",49
47185,"White County, TN",40
47187,"Williamson County, TN",27
47189,"Wilson County, TN",30
48001,"Anderson County, TX",1000
48003,"Andrews County, TX",1000
48005,"Angelina County, TX",1000
48007,"Aransas County, TX",1000
48009,"Archer County, TX",1000
48011,"Armstrong County, TX",1000
48013,"Atascosa County, TX",1000
48015,"Austin County, TX",1000
48017,"Bailey County, TX",1000
48019,"Bandera County, TX",1000
48021,"Bastrop County, TX",1000
48023,"Baylor County, TX",1000
48025,"Bee County, TX",1000
48027,"Bell County, TX",1000
48029,"Bexar County, TX",1000
48031,"Blanco County, TX",1000
48033,"Borden County, TX",1000
48035,"Bosque County, TX",1000
48037,"Bowie County, TX",1000
48039,"Brazoria County, TX",1000
48041,"Brazos County, TX",1000
48043,"Brewster County, TX",1000
48045,"Briscoe County, TX",1000
48047,"Brooks County, TX",1000
48049,"Brown County, TX",1000
48051,"Burleson County, TX",1000
48053,"Burnet County, TX",1000
48055,"Caldwell County, TX",1000
48057,"Calhoun County, TX",1000
48059,"Callahan County, TX",1000
48061,"Cameron County, TX",1000
48063,"Camp County, TX",1000
48065,"Carson County, TX",1000
48067,"Cass County, TX",1000
48069,"Castro County, TX",1000
48071,"Chambers County, TX",1000
48073,"Cherokee County, TX",1000
48075,"Childress County, TX",1000
48077,"Clay County, TX",1000
48079,"Cochran County, TX",1000
48081,"Coke County, TX",1000
48083,"Coleman County, TX",1000
48085,"Collin County, TX",1000
48087,"Collingsworth County, TX",1000
48089,"Colorado County, TX",1000
48091,"Comal County, TX",1000
48093,"Comanche County, TX",1000
48095,"Concho County, TX",1000
48097,"Cooke County, TX",1000
48099,"Coryell County, TX",1000
48101,"Cottle County, TX",1000
48103,"Crane County, TX",1000
48105,"Crockett County, TX",1000
48107,"Crosby County, TX",1000
48109,"Culberson County, TX",1000
48111,"Dallam County, TX",1000
48113,"Dallas County, TX",1000
48115,"Dawson County, TX",1000
48117,"Deaf Smith County, TX",1000
48119,"Delta County, TX",1000
48121,"Denton County, TX",1000
48123,"DeWitt County, TX",1000
48125,"Dickens County, TX",1000
48127,"Dimmit County, TX",1000
48129,"Donley County, TX",1000
48131,"Duval County, TX",1000
48133,"Eastland County, TX",1000
48135,"Ector County, TX",1000
48137,"Edwards County, TX",1000
48139,"Ellis County, TX",1000
48141,"El Paso County, TX",1000
48143,"Erath County, TX",1000
48145,"Falls County, TX",1000
48147,"Fannin County, TX",1000
48149,"Fayette County, TX",1000
48151,"Fisher County, TX",1000
48153,"Floyd County, TX",1000
48155,"Foard County, TX",1000
48157,"Fort Bend County, TX",1000
48159,"Franklin County, TX",1000
48161,"Freestone County, TX",1000
48163,"Frio County, TX",1000
48165,"Gaines County, TX",1000
48167,"Galveston County, TX",1000
48169,"Garza County, TX",1000
48171,"Gillespie County, TX",1000
48173,"Glasscock County, TX",1000
48175,"Goliad County, TX",1000
48177,"Gonzales County, TX",1000
48179,"Gray County, TX",1000
48181,"Grayson County, TX",1000
48183,"Gregg County, TX",1000
48185,"Grimes County, TX",1000
48187,"Guadalupe County, TX",1000
48189,"Hale County, TX",1000
48191,"Hall County, TX",1000
48193,"Hamilton County, TX",1000
48195,"Hansford County, TX",1000
48197,"Hardeman County, TX",1000
48199,"Hardin County, TX",1000
48201,"Harris County, TX",1000
48203,"Harrison County, TX",1000
48205,"Hartley County, TX",1000
48207,"Haskell County, TX",1000
48209,"Hays County, TX",1000
48211,"Hemphill County, TX",1000
48213,"Henderson County, TX",1000
48215,"Hidalgo County, TX",1000
48217,"Hill County, TX",1000
48219,"Hockley County, TX",1000
48221,"Hood County, TX",1000
48223,"Hopkins County, TX",1000
48225,"Houston County, TX",1000
48227,"Howard County, TX",1000
48229,"Hudspeth County, TX",1000
48231,"Hunt County, TX",1000
48233,"Hutchinson County, TX",1000
48235,"Irion County, TX",1000
48237,"Jack County, TX",1000
48239,"Jackson County, TX",1000
48241,"Jasper County, TX",1000
48243,"Jeff Davis County, TX",1000
48245,"Jefferson County, TX",1000
48247,"Jim Hogg County, TX",1000
48249,"Jim Wells County, TX",1000
48251,"Johnson County, TX",1000
48253,"Jones County, TX",1000
48255,"Karnes County, TX",1000
48257,"Kaufman County, TX",1000
48259,"Kendall County, TX",1000
48261,"Kenedy County, TX",1000
48263,"Kent County, TX",1000
48265,"Kerr County, TX",1000
48267,"Kimble County, TX",1000
48269,"King County, TX",1000
48271,"Kinney County, TX",1000
48273,"Kleberg County, TX",1000
48275,"Knox County, TX",1000
48277,"Lamar County, TX",1000
48279,"Lamb County, TX",1000
48281,"Lampasas County, TX",1000
48283,"La Salle County, TX",1000
48285,"Lavaca County, TX",1000
48287,"Lee County, TX",1000
48289,"Leon County, TX",1000
48291,"Liberty County, TX",1000
48293,"Limestone County, TX",1000
48295,"Lipscomb County, TX",1000
48297,"Live Oak County, TX",1000
48299,"Llano County, TX",1000
48301,"Loving County, TX",1000
48303,"Lubbock County, TX",1000
48305,"Lynn County, TX",1000
48307,"McCulloch County, TX",1000
48309,"McLennan County, TX",1000
48311,"McMullen County, TX",1000
48313,"Madison County, TX",1000
48315,"Marion County, TX",1000
48317,"Martin County, TX",1000
48319,"Mason County, TX",1000
48321,"Matagorda County, TX",1000
48323,"Maverick County, TX",1000
48325,"Medina County, TX",1000
48327,"Menard County, TX",1000
48329,"Midland County, TX",1000
48331,"Milam County, TX",1000
48333,"Mills County, TX",1000
48335,"Mitchell County, TX",1000
48337,"Montague County, TX",1000
48339,"Montgomery County, TX",1000
48341,"Moore County, TX",1000
48343,"Morris County, TX",1000
48345,"Motley County, TX",1000
48347,"Nacogdoches County, TX",1000
48349,"Navarro County, TX",1000
48351,"Newton County, TX",1000
48353,"Nolan County, TX",1000
48355,"Nueces County, TX",1000
48357,"Ochiltree County, TX",1000
48359,"Oldham County, TX",1000
48361,"Orange County, TX",1000
48363,"Palo Pinto County, TX",1000
48365,"Panola County, TX",1000
48367,"Parker County, TX",1000
48369,"Parmer County, TX",1000
48371,"Pecos County, TX",1000
48373,"Polk County, TX",1000
48375,"Potter County, TX",1000
48377,"Presidio County, TX",1000
48379,"Rains County, TX",1000
48381,"Randall County, TX",1000
48383,"Reagan County, TX",1000
48385,"Real County, TX",1000
48387,"Red River County, TX",1000
48389,"Reeves County, TX",1000
48391,"Refugio County, TX",1000
48393,"Roberts County, TX",1000
48395,"Robertson County, TX",1000
48397,"Rockwall County, TX",1000
48399,"Runnels County, TX",1000
48401,"Rusk County, TX",1000
48403,"Sabine County, TX",1000
48405,"San Augustine County, TX",1000
48407,"San Jacinto County, TX",1000
48409,"San Patricio County, TX",1000
48411,"San Saba County, TX",1000
48413,"Schleicher County, TX",1000
48415,"Scurry County, TX",1000
48417,"Shackelford County, TX",1000
48419,"Shelby County, TX",1000
48421,"Sherman County, TX",1000
48423,"Smith County, TX",1000
48425,"Somervell County, TX",1000
48427,"Starr County, TX",1000
48429,"Stephens County, TX",1000
48431,"Sterling County, TX",1000
48433,"Stonewall County, TX",1000
48435,"Sutton County, TX",1000
48437,"Swisher County, TX",1000
48439,"Tarrant County, TX",1000
48441,"Taylor County, TX",1000
48443,"Terrell County, TX",1000
48445,"Terry County, TX",1000
48447,"Throckmorton County, TX",1000
48449,"Titus County, TX",1000
48451,"Tom Green County, TX",1000
48453,"Travis County, TX",1000
48455,"Trinity County, TX",1000
48457,"Tyler County, TX",1000
48459,"Upshur County, TX",1000
48461,"Upton County, TX",1000
48463,"Uvalde County, TX",1000
48465,"Val Verde County, TX",1000
48467,"Van Zandt County, TX",1000
48469,"Victoria County, TX",1000
48471,"Walker County, TX",1000
48473,"Waller County, TX",1000
48475,"Ward County, TX",1000
48477,"Washington County, TX",1000
48479,"Webb County, TX",1000
48481,"Wharton County, TX",1000
48483,"Wheeler County, TX",1000
48485,"Wichita County, TX",1000
48487,"Wilbarger County, TX",1000
48489,"Willacy County, TX",1000
48491,"Williamson County, TX",1000
48493,"Wilson County, TX",1000
48495,"Winkler County, TX",1000
48497,"Wise County, TX",1000
48499,"Wood County, TX",1000
48501,"Yoakum County, TX",1000
48503,"Young County, TX",1000
48505,"Zapata County, TX",1000
48507,"Zavala County, TX",1000
49001,"Beaver County, UT",41
49003,"Box Elder County, UT",33
49005,"Cache County, UT",28
49007,"Carbon County, UT",51
49009,"Daggett County, UT",49
49011,"Davis County, UT",31
49013,"Duchesne County, UT",57
49015,"Emery County, UT",51
49017,"Garfield County, UT",75
49019,"Grand County, UT",53
49021,"Iron County, UT",42
49023,"Juab County, UT",34
49025,"Kane County, UT",34
49027,"Millard County, UT",33
49029,"Morgan County, UT",28
49031,"Piute County, UT",50
49033,"Rich County, UT",32
49035,"Salt Lake County, UT",31
49037,"San Juan County, UT",70
49039,"Sanpete County, UT",39
49041,"Sevier County, UT",39
49043,"Summit County, UT",31
49045,"Tooele County, UT",36
49047,"Uintah County, UT",60
49049,"Utah County, UT",29
49051,"Wasatch County, UT",33
49053,"Washington County, UT",35
49055,"Wayne County, UT",74
49057,"Weber County, UT",37
50001,"Addison County, VT",28
50003,"Bennington County, VT",36
50005,"Caledonia County, VT",37
50007,"Chittenden County, VT",22
50009,"Essex County, VT",46
50011,"Franklin County, VT",30
50013,"Grand Isle County, VT",34
50015,"Lamoille County, VT",39
50017,"Orange County, VT",30
50019,"Orleans County, VT",51
50021,"Rutland County, VT",35
50023,"Washington County, VT",29
50025,"Windham County, VT",31
50027,"Windsor County, VT",25
51001,"Accomack County, VA",45
51003,"Albemarle County, VA",33
51005,"Alleghany County, VA",46
51007,"Amelia County, VA",40
51009,"Amherst County, VA",41
51011,"Appomattox County, VA",44
51013,"Arlington County, VA",25
51015,"Augusta County, VA",34
51017,"Bath County, VA",30
51019,"Bedford County, VA",39
51021,"Bland County, VA",41
51023,"Botetourt County, VA",35
51025,"Brunswick County, VA",53
51027,"Buchanan County, VA",71
51029,"Buckingham County, VA",54
51031,"Campbell County, VA",41
51033,"Caroline County, VA",43
51035,"Carroll County, VA",44
51036,"Charles City County, VA",48
51037,"Charlotte County, VA",46
51041,"Chesterfield County, VA",36
51043,"Clarke County, VA",34
51045,"Craig County, VA",43
51047,"Culpeper County, VA",36
51049,"Cumberland County, VA",41
51051,"Dickenson County, VA",68
51053,"Dinwiddie County, VA",45
51057,"Essex County, VA",48
51059,"Fairfax County, VA",30
51061,"Fauquier County, VA",33
51063,"Floyd County, VA",37
51065,"Fluvanna County, VA",30
51067,"Franklin County, VA",39
51069,"Frederick County, VA",32
51071,"Giles County, VA",47
51073,"Gloucester County, VA",33
51075,"Goochland County, VA",35
51077,"Grayson County, VA",40
51079,"Greene County, VA",30
51081,"Greensville County, VA",43
51083,"Halifax County, VA",49
51085,"Hanover County, VA",33
51087,"Henrico County, VA",37
51089,"Henry County, VA",46
51091,"Highland County, VA",33
51093,"Isle of Wight County, VA",38
51095,"James City County, VA",35
51097,"King and Queen County, VA",35
51099,"King George County, VA",37
51101,"King William County, VA",34
51103,"Lancaster County, VA",52
51105,"Lee County, VA",52
51107,"Loudoun County, VA",30
51109,"Louisa County, VA",34
51111,"Lunenburg County, VA",41
51113,"Madison County, VA",29
51115,"Mathews County, VA",37
51117,"Mecklenburg County, VA",49
51119,"Middlesex County, VA",32
51121,"Montgomery County, VA",38
51125,"Nelson County, VA",35
51127,"New Kent County, VA",32
51131,"Northampton County, VA",56
51133,"Northumberland County, VA",52
51135,"Nottoway County, VA",38
51137,"Orange County, VA",38
51139,"Page County, VA",51
51141,"Patrick County, VA",42
51143,"Pittsylvania County, VA",43
51145,"Powhatan County, VA",33
51147,"Prince Edward County, VA",48
51149,"Prince George County, VA",45
51153,"Prince William County, VA",34
51155,"Pulaski County, VA",53
51157,"Rappahannock County, VA",35
51159,"Richmond County, VA",36
51161,"Roanoke County, VA",34
51163,"Rockbridge County, VA",41
51165,"Rockingham County, VA",32
51167,"Russell County, VA",52
51169,"Scott County, VA",40
51171,"Shenandoah County, VA",34
51173,"Smyth County, VA",50
51175,"Southampton County, VA",36
51177,"Spotsylvania County, VA",37
51179,"Stafford County, VA",36
51181,"Surry County, VA",44
51183,"Sussex County, VA",59
51185,"Tazewell County, VA",56
51187,"Warren County, VA",37
51191,"Washington County, VA",41
51193,"Westmoreland County, VA",45
51195,"Wise County, VA",64
51197,"Wythe County, VA",50
51199,"York County, VA",35
51510,"Alexandria city, VA",28
51520,"Bristol city, VA",45
51530,"Buena Vista city, VA",42
51540,"Charlottesville city, VA",31
51550,"Chesapeake city, VA",38
51570,"Colonial Heights city, VA",40
51580,"Covington city, VA",60
51590,"Danville city, VA",56
51595,"Emporia city, VA",53
51600,"Fairfax city, VA",29
51610,"Falls Church city, VA",26
51620,"Franklin city, VA",53
51630,"Fredericksburg city, VA",44
51640,"Galax city, VA",42
51650,"Hampton city, VA",50
51660,"Harrisonburg city, VA",44
51670,"Hopewell city, VA",61
51678,"Lexington city, VA",60
51680,"Lynchburg city, VA",49
51683,"Manassas city, VA",34
51685,"Manassas Park city, VA",33
51690,"Martinsville city, VA",63
51700,"Newport News city, VA",46
51710,"Norfolk city, VA",46
51720,"Norton city, VA",52
51730,"Petersburg city, VA",73
51735,"Poquoson city, VA",34
51740,"Portsmouth city, VA",54
51750,"Radford city, VA",49
51760,"Richmond city, VA",43
51770,"Roanoke city, VA",41
51775,"Salem city, VA",37
51790,"Staunton city, VA",36
51800,"Suffolk city, VA",41
51810,"Virginia Beach city, VA",35
51820,"Waynesboro city, VA",40
51830,"Williamsburg city, VA",52
51840,"Winchester city, VA",36
53001,"Adams County, WA",57
53003,"Asotin County, WA",42
53005,"Benton County, WA",55
53007,"Chelan County, WA",48
53009,"Clallam County, WA",68
53011,"Clark County, WA",51
53013,"Columbia County, WA",56
53015,"Cowlitz County, WA",61
53017,"Douglas County, WA",57
53019,"Ferry County, WA",110
53021,"Franklin County, WA",63
53023,"Garfield County, WA",53
53025,"Grant County, WA",63
53027,"Grays Harbor County, WA",71
53029,"Island County, WA",52
53031,"Jefferson County, WA",61
53033,"King County, WA",36
53035,"Kitsap County, WA",49
53037,"Kittitas County, WA",53
53039,"Klickitat County, WA",59
53041,"Lewis County, WA",66
53043,"Lincoln County, WA",49
53045,"Mason County, WA",66
53047,"Okanogan County, WA",68
53049,"Pacific County, WA",70
53051,"Pend Oreille County, WA",74
53053,"Pierce County, WA",53
53055,"San Juan County, WA",40
53057,"Skagit County, WA",55
53059,"Skamania County, WA",61
53061,"Snohomish County, WA",40
53063,"Spokane County, WA",54
53065,"Stevens County, WA",73
53067,"Thurston County, WA",49
53069,"Wahkiakum County, WA",72
53071,"Walla Walla County, WA",49
53073,"Whatcom County, WA",50
53075,"Whitman County, WA",44
53077,"Yakima County, WA",68
54001,"Barbour County, WV",58
54003,"Berkeley County, WV",36
54005,"Boone County, WV",64
54007,"Braxton County, WV",75
54009,"Brooke County, WV",61
54011,"Cabell County, WV",45
54013,"Calhoun County, WV",108
54015,"Clay County, WV",86
54017,"Doddridge County, WV",42
54019,"Fayette County, WV",64
54021,"Gilmer County, WV",71
54023,"Grant County, WV",56
54025,"Greenbrier County, WV",48
54027,"Hampshire County, WV",39
54029,"Hancock County, WV",60
54031,"Hardy County, WV",49
54033,"Harrison County, WV",48
54035,"Jackson County, WV",57
54037,"Jefferson County, WV",31
54039,"Kanawha County, WV",51
54041,"Lewis County, WV",66
54043,"Lincoln County, WV",68
54045,"Logan County, WV",74
54047,"McDowell County, WV",89
54049,"Marion County, WV",53
54051,"Marshall County, WV",59
54053,"Mason County, WV",67
54055,"Mercer County, WV",58
54057,"Mineral County, WV",52
54059,"Mingo County, WV",86
54061,"Monongalia County, WV",37
54063,"Monroe County, WV",44
54065,"Morgan County, WV",39
54067,"Nicholas County, WV",71
54069,"Ohio County, WV",47
54071,"Pendleton County, WV",37
54073,"Pleasants County, WV",70
54075,"Pocahontas County, WV",59
54077,"Preston County, WV",49
54079,"Putnam County, WV",47
54081,"Raleigh County, WV",53
54083,"Randolph County, WV",54
54085,"Ritchie County, WV",55
54087,"Roane County, WV",87
54089,"Summers County, WV",59
54091,"Taylor County, WV",49
54093,"Tucker County, WV",52
54095,"Tyler County, WV",77
54097,"Upshur County, WV",61
54099,"Wayne County, WV",58
54101,"Webster County, WV",63
54103,"Wetzel County, WV",75
54105,"Wirt County, WV",79
54107,"Wood County, WV",55
54109,"Wyoming County, WV",71
55001,"Adams County, WI",51
55003,"Ashland County, WI",46
55005,"Barron County, WI",35
55007,"Bayfield County, WI",52
55009,"Brown County, WI",29
55011,"Buffalo County, WI",38
55013,"Burnett County, WI",48
55015,"Calumet County, WI",28
55017,"Chippewa County, WI",35
55019,"Clark County, WI",31
55021,"Columbia County, WI",30
55023,"Crawford County, WI",42
55025,"Dane County, WI",24
55027,"Dodge County, WI",29
55029,"Door County, WI",39
55031,"Douglas County, WI",45
55033,"Dunn County, WI",33
55035,"Eau Claire County, WI",29
55037,"Florence County, WI",47
55039,"Fond du Lac County, WI",28
55041,"Forest County, WI",51
55043,"Grant County, WI",31
55045,"Green County, WI",28
55047,"Green Lake County, WI",37
55049,"Iowa County, WI",30
55051,"Iron County, WI",62
55053,"Jackson County, WI",34
55055,"Jefferson County, WI",32
55057,"Juneau County, WI",33
55059,"Kenosha County, WI",39
55061,"Kewaunee County, WI",31
55063,"La Crosse County, WI",29
55065,"Lafayette County, WI",25
55067,"Langlade County, WI",42
55069,"Lincoln County, WI",36
55071,"Manitowoc County, WI",35
55073,"Marathon County, WI",29
55075,"Marinette County, WI",44
55077,"Marquette County, WI",39
55078,"Menominee County, WI",59
55079,"Milwaukee County, WI",40
55081,"Monroe County, WI",29
55083,"Oconto County, WI",35
55085,"Oneida County, WI",39
55087,"Outagamie County, WI",30
55089,"Ozaukee County, WI",27
55091,"Pepin County, WI",35
55093,"Pierce County, WI",34
55095,"Polk County, WI",38
55097,"Portage County, WI",31
55099,"Price County, WI",37
55101,"Racine County, WI",40
55103,"Richland County, WI",30
55105,"Rock County, WI",37
55107,"Rusk County, WI",44
55109,"St. Croix County, WI",31
55111,"Sauk County, WI",29
55113,"Sawyer County, WI",47
55115,"Shawano County, WI",32
55117,"Sheboygan County, WI",28
55119,"Taylor County, WI",35
55121,"Trempealeau County, WI",31
55123,"Vernon County, WI",31
55125,"Vilas County, WI",43
55127,"Walworth County, WI",33
55129,"Washburn County, WI",39
55131,"Washington County, WI",28
55133,"Waukesha County, WI",29
55135,"Waupaca County, WI",32
55137,"Waushara County, WI",40
55139,"Winnebago County, WI",30
55141,"Wood County, WI",37
56001,"Albany County, WY",29
56003,"Big Horn County, WY",42
56005,"Campbell County, WY",49
56007,"Carbon County, WY",40
56009,"Converse County, WY",45
56011,"Crook County, WY",35
56013,"Fremont County, WY",55
56015,"Goshen County, WY",29
56017,"Hot Springs County, WY",39
56019,"Johnson County, WY",42
56021,"Laramie County, WY",37
56023,"Lincoln County, WY",37
56025,"Natrona County, WY",52
56027,"Niobrara County, WY",28
56029,"Park County, WY",43
56031,"Platte County, WY",37
56033,"Sheridan County, WY",39
56035,"Sublette County, WY",45
56037,"Sweetwater County, WY",45
56039,"Teton County, WY",28
56041,"Uinta County, WY",45
56043,"Washakie County, WY",40
56045,"Weston County, WY",40
72001,"Adjuntas Municipio, PR",150
72003,"Aguada Municipio, PR",129
72005,"Aguadilla Municipio, PR",145
72007,"Aguas Buenas Municipio, PR",125
72009,"Aibonito Municipio, PR",142
72011,"Anasco Municipio, PR",125
72013,"Arecibo Municipio, PR",117
72015,"Arroyo Municipio, PR",177
72017,"Barceloneta Municipio, PR",140
72019,"Barranquitas Municipio, PR",113
72021,"Bayamon Municipio, PR",77
72023,"Cabo Rojo Municipio, PR",136
72025,"Caguas Municipio, PR",91
72027,"Camuy Municipio, PR",116
72029,"Canovanas Municipio, PR",97
72031,"Carolina Municipio, PR",78
72033,"Catano Municipio, PR",91
72035,"Cayey Municipio, PR",101
72037,"Ceiba Municipio, PR",135
72039,"Ciales Municipio, PR",161
72041,"Cidra Municipio, PR",84
72043,"Coamo Municipio, PR",162
72045,"Comerio Municipio, PR",117
72047,"Corozal Municipio, PR",113
72049,"Culebra Municipio, PR",44
72051,"Dorado Municipio, PR",69
72053,"Fajardo Municipio, PR",133
72054,"Florida Municipio, PR",143
72055,"Guanica Municipio, PR",183
72057,"Guayama Municipio, PR",156
72059,"Guayanilla Municipio, PR",164
72061,"Guaynabo Municipio, PR",53
72063,"Gurabo Municipio, PR",73
72065,"Hatillo Municipio, PR",140
72067,"Hormigueros Municipio, PR",127
72069,"Humacao Municipio, PR",140
72071,"Isabela Municipio, PR",134
72073,"Jayuya Municipio, PR",130
72075,"Juana Diaz Municipio, PR",129
72077,"Juncos Municipio, PR",115
72079,"Lajas Municipio, PR",194
72081,"Lares Municipio, PR",186
72083,"Las Marias Municipio, PR",206
72085,"Las Piedras Municipio, PR",120
72087,"Loiza Municipio, PR",96
72089,"Luquillo Municipio, PR",128
72091,"Manati Municipio, PR",106
72093,"Maricao Municipio, PR",201
72095,"Maunabo Municipio, PR",173
72097,"Mayaguez Municipio, PR",140
72099,"Moca Municipio, PR",147
72101,"Morovis Municipio, PR",124
72103,"Naguabo Municipio, PR",111
72105,"Naranjito Municipio, PR",118
72107,"Orocovis Municipio, PR",143
72109,"Patillas Municipio, PR",197
72111,"Penuelas Municipio, PR",175
72113,"Ponce Municipio, PR",116
72115,"Quebradillas Municipio, PR",158
72117,"Rincon Municipio, PR",153
72119,"Rio Grande Municipio, PR",97
72121,"Sabana Grande Municipio, PR",168
72123,"Salinas Municipio, PR",187
72125,"San German Municipio, PR",157
72127,"San Juan Municipio, PR",70
72129,"San Lorenzo Municipio, PR",128
72131,"San Sebastian Municipio, PR",176
72133,"Santa Isabel Municipio, PR",135
72135,"Toa Alta Municipio, PR",77
72137,"Toa Baja Municipio, PR",81
72139,"Trujillo Alto Municipio, PR",59
72141,"Utuado Municipio, PR",139
72143,"Vega Alta Municipio, PR",107
72145,"Vega Baja Municipio, PR",124
72147,"Vieques Municipio, PR",145
72149,"Villalba Municipio, PR",194
72151,"Yabucoa Municipio, PR",165
72153,"Yauco Municipio, PR",172